date,prodId,category,daily_sales_qty,currentQuantity,unitCost,incomingStock,lead_time_days,safety_stock
2025-09-01,ITM-008,Electronics,2,47,300,23,3,40
2025-09-01,ITM-004,Furniture,2,141,45,16,5,40
2025-09-01,ITM-003,Furniture,6,49,150,9,5,40
2025-09-01,ITM-005,Accessories,4,136,90,6,6,40
2025-09-01,ITM-010,Electronics,3,75,200,3,3,40
2025-09-01,ITM-001,Electronics,7,130,400,31,5,40
2025-09-01,ITM-009,Furniture,8,32,450,8,6,40
2025-09-01,ITM-007,Accessories,5,27,25,1,5,40
2025-09-01,ITM-006,Accessories,1,110,40,33,7,40
2025-09-02,ITM-008,Electronics,2,58,300,23,4,40
2025-09-02,ITM-004,Furniture,2,125,45,16,5,40
2025-09-02,ITM-003,Furniture,2,142,150,9,6,40
2025-09-02,ITM-002,Electronics,7,81,800,49,6,40
2025-09-02,ITM-005,Accessories,24,77,90,6,3,40
2025-09-02,ITM-010,Electronics,7,133,200,3,4,40
2025-09-02,ITM-009,Furniture,15,107,450,8,6,40
2025-09-02,ITM-007,Accessories,2,93,25,1,7,40
2025-09-02,ITM-006,Accessories,18,145,40,33,6,40
2025-09-03,ITM-008,Electronics,10,112,300,23,7,40
2025-09-03,ITM-004,Furniture,11,78,45,16,7,40
2025-09-03,ITM-003,Furniture,2,143,150,9,5,40
2025-09-03,ITM-002,Electronics,3,48,800,49,4,40
2025-09-03,ITM-005,Accessories,4,43,90,6,3,40
2025-09-03,ITM-010,Electronics,7,94,200,3,3,40
2025-09-03,ITM-001,Electronics,10,127,400,31,3,40
2025-09-03,ITM-009,Furniture,3,103,450,8,3,40
2025-09-03,ITM-007,Accessories,11,104,25,1,4,40
2025-09-03,ITM-006,Accessories,4,105,40,33,3,40
2025-09-04,ITM-008,Electronics,4,46,300,23,3,40
2025-09-04,ITM-004,Furniture,7,93,45,16,3,40
2025-09-04,ITM-003,Furniture,2,82,150,9,6,40
2025-09-04,ITM-005,Accessories,3,136,90,6,6,40
2025-09-04,ITM-010,Electronics,6,11,200,3,7,40
2025-09-04,ITM-001,Electronics,6,108,400,31,5,40
2025-09-04,ITM-009,Furniture,2,14,450,8,3,40
2025-09-04,ITM-007,Accessories,9,65,25,1,3,40
2025-09-04,ITM-006,Accessories,8,95,40,33,4,40
2025-09-05,ITM-008,Electronics,9,36,300,23,4,40
2025-09-05,ITM-004,Furniture,4,22,45,16,7,40
2025-09-05,ITM-002,Electronics,11,83,800,49,4,40
2025-09-05,ITM-010,Electronics,5,147,200,3,7,40
2025-09-05,ITM-001,Electronics,5,20,400,31,3,40
2025-09-05,ITM-009,Furniture,2,140,450,8,5,40
2025-09-05,ITM-007,Accessories,20,102,25,1,4,40
2025-09-05,ITM-006,Accessories,4,83,40,33,3,40
2025-09-06,ITM-008,Electronics,2,124,300,23,4,40
2025-09-06,ITM-003,Furniture,10,51,150,9,4,40
2025-09-06,ITM-005,Accessories,3,142,90,6,7,40
2025-09-06,ITM-010,Electronics,1,76,200,3,5,40
2025-09-06,ITM-001,Electronics,9,74,400,31,3,40
2025-09-06,ITM-009,Furniture,8,116,450,8,3,40
2025-09-06,ITM-007,Accessories,3,32,25,1,6,40
2025-09-06,ITM-006,Accessories,1,49,40,33,5,40
2025-09-07,ITM-008,Electronics,6,64,300,23,7,40
2025-09-07,ITM-004,Furniture,5,10,45,16,3,40
2025-09-07,ITM-003,Furniture,11,64,150,9,5,40
2025-09-07,ITM-002,Electronics,13,13,800,49,4,40
2025-09-07,ITM-010,Electronics,9,31,200,3,5,40
2025-09-07,ITM-001,Electronics,5,86,400,31,3,40
2025-09-07,ITM-009,Furniture,7,54,450,8,3,40
2025-09-07,ITM-007,Accessories,10,36,25,1,5,40
2025-09-07,ITM-006,Accessories,20,77,40,33,3,40
2025-09-08,ITM-008,Electronics,14,99,300,23,7,40
2025-09-08,ITM-004,Furniture,2,61,45,16,6,40
2025-09-08,ITM-003,Furniture,6,107,150,9,7,40
2025-09-08,ITM-005,Accessories,9,131,90,6,3,40
2025-09-08,ITM-010,Electronics,5,39,200,3,3,40
2025-09-08,ITM-001,Electronics,13,52,400,31,6,40
2025-09-08,ITM-009,Furniture,16,88,450,8,6,40
2025-09-09,ITM-004,Furniture,2,30,45,16,7,40
2025-09-09,ITM-003,Furniture,11,96,150,9,5,40
2025-09-09,ITM-005,Accessories,8,96,90,6,3,40
2025-09-09,ITM-010,Electronics,9,146,200,3,3,40
2025-09-09,ITM-001,Electronics,2,106,400,31,4,40
2025-09-09,ITM-006,Accessories,13,148,40,33,5,40
2025-09-10,ITM-004,Furniture,9,74,45,16,7,40
2025-09-10,ITM-003,Furniture,7,42,150,9,5,40
2025-09-10,ITM-005,Accessories,1,147,90,6,6,40
2025-09-10,ITM-010,Electronics,4,107,200,3,7,40
2025-09-10,ITM-001,Electronics,12,111,400,31,3,40
2025-09-10,ITM-007,Accessories,3,30,25,1,4,40
2025-09-10,ITM-006,Accessories,5,147,40,33,5,40
2025-09-11,ITM-008,Electronics,4,121,300,23,4,40
2025-09-11,ITM-002,Electronics,3,130,800,49,7,40
2025-09-11,ITM-005,Accessories,2,74,90,6,7,40
2025-09-11,ITM-010,Electronics,8,57,200,3,5,40
2025-09-11,ITM-001,Electronics,6,64,400,31,5,40
2025-09-11,ITM-009,Furniture,5,17,450,8,3,40
2025-09-11,ITM-006,Accessories,4,32,40,33,3,40
2025-09-12,ITM-004,Furniture,3,139,45,16,7,40
2025-09-12,ITM-003,Furniture,4,47,150,9,6,40
2025-09-12,ITM-005,Accessories,11,46,90,6,6,40
2025-09-12,ITM-010,Electronics,5,85,200,3,6,40
2025-09-12,ITM-001,Electronics,1,146,400,31,3,40
2025-09-12,ITM-009,Furniture,1,120,450,8,5,40
2025-09-12,ITM-007,Accessories,3,46,25,1,7,40
2025-09-13,ITM-008,Electronics,4,90,300,23,5,40
2025-09-13,ITM-004,Furniture,2,136,45,16,7,40
2025-09-13,ITM-002,Electronics,2,136,800,49,5,40
2025-09-13,ITM-010,Electronics,10,132,200,3,7,40
2025-09-13,ITM-001,Electronics,7,98,400,31,4,40
2025-09-13,ITM-009,Furniture,2,11,450,8,5,40
2025-09-13,ITM-007,Accessories,5,105,25,1,3,40
2025-09-14,ITM-008,Electronics,5,78,300,23,7,40
2025-09-14,ITM-004,Furniture,14,47,45,16,3,40
2025-09-14,ITM-003,Furniture,1,10,150,9,7,40
2025-09-14,ITM-005,Accessories,12,112,90,6,6,40
2025-09-14,ITM-010,Electronics,10,118,200,3,4,40
2025-09-14,ITM-007,Accessories,10,93,25,1,4,40
2025-09-15,ITM-008,Electronics,15,67,300,23,5,40
2025-09-15,ITM-004,Furniture,4,12,45,16,6,40
2025-09-15,ITM-003,Furniture,3,69,150,9,3,40
2025-09-15,ITM-002,Electronics,2,29,800,49,3,40
2025-09-15,ITM-005,Accessories,5,40,90,6,3,40
2025-09-15,ITM-010,Electronics,4,148,200,3,6,40
2025-09-15,ITM-001,Electronics,5,91,400,31,3,40
2025-09-15,ITM-009,Furniture,7,101,450,8,7,40
2025-09-15,ITM-007,Accessories,9,105,25,1,3,40
2025-09-15,ITM-006,Accessories,3,47,40,33,6,40
2025-09-16,ITM-008,Electronics,10,115,300,23,7,40
2025-09-16,ITM-004,Furniture,14,55,45,16,7,40
2025-09-16,ITM-003,Furniture,4,56,150,9,7,40
2025-09-16,ITM-002,Electronics,14,138,800,49,5,40
2025-09-16,ITM-005,Accessories,11,47,90,6,6,40
2025-09-16,ITM-010,Electronics,12,125,200,3,6,40
2025-09-16,ITM-001,Electronics,15,23,400,31,4,40
2025-09-16,ITM-009,Furniture,6,119,450,8,6,40
2025-09-16,ITM-007,Accessories,3,118,25,1,6,40
2025-09-16,ITM-006,Accessories,14,103,40,33,3,40
2025-09-17,ITM-008,Electronics,4,23,300,23,7,40
2025-09-17,ITM-004,Furniture,6,125,45,16,3,40
2025-09-17,ITM-002,Electronics,4,116,800,49,4,40
2025-09-17,ITM-005,Accessories,5,127,90,6,6,40
2025-09-17,ITM-010,Electronics,1,125,200,3,6,40
2025-09-17,ITM-001,Electronics,10,19,400,31,3,40
2025-09-17,ITM-009,Furniture,1,135,450,8,7,40
2025-09-17,ITM-007,Accessories,5,17,25,1,4,40
2025-09-17,ITM-006,Accessories,8,16,40,33,4,40
2025-09-18,ITM-008,Electronics,9,70,300,23,6,40
2025-09-18,ITM-004,Furniture,9,104,45,16,4,40
2025-09-18,ITM-003,Furniture,2,13,150,9,4,40
2025-09-18,ITM-005,Accessories,8,90,90,6,3,40
2025-09-18,ITM-010,Electronics,2,118,200,3,7,40
2025-09-18,ITM-001,Electronics,8,27,400,31,4,40
2025-09-18,ITM-009,Furniture,1,145,450,8,3,40
2025-09-18,ITM-007,Accessories,7,105,25,1,5,40
2025-09-18,ITM-006,Accessories,2,148,40,33,4,40
2025-09-19,ITM-008,Electronics,1,56,300,23,7,40
2025-09-19,ITM-003,Furniture,9,45,150,9,5,40
2025-09-19,ITM-002,Electronics,9,133,800,49,4,40
2025-09-19,ITM-005,Accessories,5,90,90,6,3,40
2025-09-19,ITM-010,Electronics,4,123,200,3,3,40
2025-09-19,ITM-009,Furniture,8,106,450,8,5,40
2025-09-19,ITM-007,Accessories,4,58,25,1,7,40
2025-09-19,ITM-006,Accessories,4,20,40,33,7,40
2025-09-20,ITM-008,Electronics,3,86,300,23,5,40
2025-09-20,ITM-004,Furniture,3,15,45,16,3,40
2025-09-20,ITM-003,Furniture,4,107,150,9,7,40
2025-09-20,ITM-005,Accessories,13,117,90,6,3,40
2025-09-20,ITM-010,Electronics,9,40,200,3,7,40
2025-09-20,ITM-009,Furniture,15,79,450,8,6,40
2025-09-20,ITM-006,Accessories,8,102,40,33,6,40
2025-09-21,ITM-008,Electronics,8,111,300,23,5,40
2025-09-21,ITM-004,Furniture,4,88,45,16,3,40
2025-09-21,ITM-003,Furniture,2,43,150,9,7,40
2025-09-21,ITM-010,Electronics,7,80,200,3,4,40
2025-09-21,ITM-001,Electronics,4,127,400,31,4,40
2025-09-21,ITM-009,Furniture,4,76,450,8,6,40
2025-09-21,ITM-007,Accessories,10,22,25,1,5,40
2025-09-21,ITM-006,Accessories,1,49,40,33,7,40
2025-09-22,ITM-008,Electronics,1,47,300,23,5,40
2025-09-22,ITM-004,Furniture,8,100,45,16,4,40
2025-09-22,ITM-002,Electronics,9,94,800,49,4,40
2025-09-22,ITM-005,Accessories,8,146,90,6,5,40
2025-09-22,ITM-001,Electronics,8,84,400,31,7,40
2025-09-22,ITM-007,Accessories,5,116,25,1,5,40
2025-09-22,ITM-006,Accessories,2,142,40,33,4,40
2025-09-23,ITM-008,Electronics,7,79,300,23,4,40
2025-09-23,ITM-004,Furniture,2,112,45,16,7,40
2025-09-23,ITM-003,Furniture,5,139,150,9,7,40
2025-09-23,ITM-002,Electronics,4,10,800,49,7,40
2025-09-23,ITM-005,Accessories,3,79,90,6,5,40
2025-09-23,ITM-010,Electronics,10,86,200,3,5,40
2025-09-23,ITM-009,Furniture,2,37,450,8,5,40
2025-09-23,ITM-007,Accessories,6,55,25,1,5,40
2025-09-23,ITM-006,Accessories,9,134,40,33,3,40
2025-09-24,ITM-008,Electronics,5,69,300,23,4,40
2025-09-24,ITM-004,Furniture,10,39,45,16,3,40
2025-09-24,ITM-003,Furniture,5,36,150,9,4,40
2025-09-24,ITM-002,Electronics,11,56,800,49,4,40
2025-09-24,ITM-005,Accessories,1,126,90,6,7,40
2025-09-24,ITM-010,Electronics,15,120,200,3,3,40
2025-09-24,ITM-001,Electronics,21,52,400,31,6,40
2025-09-24,ITM-009,Furniture,12,94,450,8,4,40
2025-09-24,ITM-007,Accessories,2,89,25,1,4,40
2025-09-24,ITM-006,Accessories,8,119,40,33,3,40
2025-09-25,ITM-008,Electronics,5,27,300,23,7,40
2025-09-25,ITM-004,Furniture,1,99,45,16,3,40
2025-09-25,ITM-003,Furniture,14,36,150,9,6,40
2025-09-25,ITM-002,Electronics,6,70,800,49,7,40
2025-09-25,ITM-005,Accessories,6,115,90,6,4,40
2025-09-25,ITM-010,Electronics,2,72,200,3,6,40
2025-09-25,ITM-001,Electronics,1,59,400,31,7,40
2025-09-25,ITM-009,Furniture,1,59,450,8,7,40
2025-09-25,ITM-007,Accessories,3,147,25,1,4,40
2025-09-25,ITM-006,Accessories,5,133,40,33,6,40
2025-09-26,ITM-004,Furniture,6,137,45,16,3,40
2025-09-26,ITM-003,Furniture,8,26,150,9,3,40
2025-09-26,ITM-005,Accessories,12,69,90,6,3,40
2025-09-26,ITM-010,Electronics,4,18,200,3,5,40
2025-09-26,ITM-001,Electronics,8,29,400,31,4,40
2025-09-26,ITM-009,Furniture,13,112,450,8,7,40
2025-09-26,ITM-007,Accessories,9,89,25,1,5,40
2025-09-26,ITM-006,Accessories,23,29,40,33,5,40
2025-09-27,ITM-008,Electronics,8,120,300,23,4,40
2025-09-27,ITM-004,Furniture,6,87,45,16,7,40
2025-09-27,ITM-003,Furniture,2,84,150,9,5,40
2025-09-27,ITM-002,Electronics,8,106,800,49,5,40
2025-09-27,ITM-005,Accessories,11,121,90,6,4,40
2025-09-27,ITM-010,Electronics,4,27,200,3,4,40
2025-09-27,ITM-001,Electronics,2,58,400,31,4,40
2025-09-27,ITM-009,Furniture,13,29,450,8,4,40
2025-09-27,ITM-007,Accessories,13,116,25,1,5,40
2025-09-28,ITM-003,Furniture,5,115,150,9,3,40
2025-09-28,ITM-002,Electronics,3,98,800,49,3,40
2025-09-28,ITM-005,Accessories,5,79,90,6,3,40
2025-09-28,ITM-010,Electronics,2,130,200,3,4,40
2025-09-28,ITM-001,Electronics,4,40,400,31,3,40
2025-09-28,ITM-009,Furniture,2,24,450,8,6,40
2025-09-28,ITM-006,Accessories,4,93,40,33,4,40
2025-09-29,ITM-008,Electronics,7,125,300,23,3,40
2025-09-29,ITM-004,Furniture,10,119,45,16,3,40
2025-09-29,ITM-003,Furniture,7,48,150,9,6,40
2025-09-29,ITM-002,Electronics,9,71,800,49,7,40
2025-09-29,ITM-010,Electronics,12,33,200,3,3,40
2025-09-29,ITM-001,Electronics,9,19,400,31,4,40
2025-09-29,ITM-009,Furniture,19,109,450,8,3,40
2025-09-29,ITM-006,Accessories,8,74,40,33,7,40
2025-09-30,ITM-008,Electronics,6,121,300,23,4,40
2025-09-30,ITM-004,Furniture,6,102,45,16,3,40
2025-09-30,ITM-003,Furniture,4,129,150,9,6,40
2025-09-30,ITM-002,Electronics,10,103,800,49,6,40
2025-09-30,ITM-005,Accessories,13,83,90,6,5,40
2025-09-30,ITM-010,Electronics,4,128,200,3,7,40
2025-09-30,ITM-001,Electronics,3,139,400,31,4,40
2025-09-30,ITM-009,Furniture,2,84,450,8,7,40
2025-09-30,ITM-007,Accessories,20,37,25,1,5,40
2025-09-30,ITM-006,Accessories,3,90,40,33,3,40
2025-10-01,ITM-008,Electronics,20,26,300,23,6,40
2025-10-01,ITM-004,Furniture,9,28,45,16,4,40
2025-10-01,ITM-003,Furniture,13,149,150,9,6,40
2025-10-01,ITM-002,Electronics,2,148,800,49,6,40
2025-10-01,ITM-005,Accessories,10,12,90,6,3,40
2025-10-01,ITM-010,Electronics,5,119,200,3,3,40
2025-10-01,ITM-001,Electronics,16,100,400,31,6,40
2025-10-01,ITM-009,Furniture,12,11,450,8,6,40
2025-10-01,ITM-007,Accessories,1,75,25,1,7,40
2025-10-01,ITM-006,Accessories,1,29,40,33,3,40
2025-10-02,ITM-004,Furniture,3,63,45,16,7,40
2025-10-02,ITM-003,Furniture,4,104,150,9,6,40
2025-10-02,ITM-005,Accessories,7,68,90,6,5,40
2025-10-02,ITM-001,Electronics,14,120,400,31,5,40
2025-10-02,ITM-009,Furniture,5,116,450,8,7,40
2025-10-03,ITM-008,Electronics,7,44,300,23,3,40
2025-10-03,ITM-004,Furniture,10,86,45,16,7,40
2025-10-03,ITM-003,Furniture,10,44,150,9,6,40
2025-10-03,ITM-002,Electronics,9,86,800,49,3,40
2025-10-03,ITM-005,Accessories,2,126,90,6,7,40
2025-10-03,ITM-010,Electronics,17,69,200,3,3,40
2025-10-03,ITM-009,Furniture,5,140,450,8,5,40
2025-10-03,ITM-007,Accessories,11,55,25,1,7,40
2025-10-03,ITM-006,Accessories,4,56,40,33,4,40
2025-10-04,ITM-004,Furniture,7,133,45,16,6,40
2025-10-04,ITM-003,Furniture,9,72,150,9,4,40
2025-10-04,ITM-002,Electronics,13,53,800,49,6,40
2025-10-04,ITM-005,Accessories,7,122,90,6,6,40
2025-10-04,ITM-010,Electronics,9,77,200,3,6,40
2025-10-04,ITM-001,Electronics,10,119,400,31,4,40
2025-10-04,ITM-009,Furniture,1,12,450,8,4,40
2025-10-04,ITM-007,Accessories,4,41,25,1,6,40
2025-10-04,ITM-006,Accessories,5,108,40,33,6,40
2025-10-05,ITM-008,Electronics,4,144,300,23,6,40
2025-10-05,ITM-004,Furniture,5,138,45,16,5,40
2025-10-05,ITM-003,Furniture,1,59,150,9,4,40
2025-10-05,ITM-005,Accessories,1,58,90,6,4,40
2025-10-05,ITM-010,Electronics,4,87,200,3,5,40
2025-10-05,ITM-001,Electronics,11,24,400,31,4,40
2025-10-05,ITM-009,Furniture,8,100,450,8,6,40
2025-10-05,ITM-007,Accessories,2,142,25,1,5,40
2025-10-05,ITM-006,Accessories,5,104,40,33,7,40
2025-10-06,ITM-004,Furniture,3,19,45,16,4,40
2025-10-06,ITM-003,Furniture,3,133,150,9,3,40
2025-10-06,ITM-002,Electronics,14,114,800,49,4,40
2025-10-06,ITM-005,Accessories,5,115,90,6,5,40
2025-10-06,ITM-009,Furniture,3,80,450,8,5,40
2025-10-06,ITM-006,Accessories,15,58,40,33,3,40
2025-10-07,ITM-004,Furniture,10,136,45,16,7,40
2025-10-07,ITM-003,Furniture,8,91,150,9,4,40
2025-10-07,ITM-002,Electronics,9,68,800,49,6,40
2025-10-07,ITM-010,Electronics,6,23,200,3,5,40
2025-10-07,ITM-009,Furniture,8,54,450,8,3,40
2025-10-07,ITM-007,Accessories,7,68,25,1,6,40
2025-10-08,ITM-004,Furniture,6,38,45,16,6,40
2025-10-08,ITM-002,Electronics,4,11,800,49,7,40
2025-10-08,ITM-005,Accessories,2,96,90,6,3,40
2025-10-08,ITM-010,Electronics,5,122,200,3,7,40
2025-10-08,ITM-001,Electronics,3,116,400,31,7,40
2025-10-08,ITM-007,Accessories,3,144,25,1,6,40
2025-10-08,ITM-006,Accessories,5,88,40,33,7,40
2025-10-09,ITM-008,Electronics,5,53,300,23,7,40
2025-10-09,ITM-003,Furniture,3,57,150,9,3,40
2025-10-09,ITM-002,Electronics,8,12,800,49,7,40
2025-10-09,ITM-010,Electronics,1,53,200,3,7,40
2025-10-09,ITM-001,Electronics,3,20,400,31,3,40
2025-10-09,ITM-006,Accessories,12,104,40,33,3,40
2025-10-10,ITM-008,Electronics,5,62,300,23,6,40
2025-10-10,ITM-004,Furniture,11,61,45,16,4,40
2025-10-10,ITM-003,Furniture,4,61,150,9,4,40
2025-10-10,ITM-002,Electronics,10,78,800,49,6,40
2025-10-10,ITM-005,Accessories,6,149,90,6,6,40
2025-10-10,ITM-010,Electronics,19,104,200,3,7,40
2025-10-10,ITM-001,Electronics,6,111,400,31,6,40
2025-10-10,ITM-009,Furniture,9,72,450,8,3,40
2025-10-10,ITM-007,Accessories,6,144,25,1,5,40
2025-10-10,ITM-006,Accessories,6,133,40,33,3,40
2025-10-11,ITM-008,Electronics,10,60,300,23,4,40
2025-10-11,ITM-004,Furniture,4,91,45,16,4,40
2025-10-11,ITM-003,Furniture,10,103,150,9,4,40
2025-10-11,ITM-002,Electronics,9,17,800,49,6,40
2025-10-11,ITM-005,Accessories,17,112,90,6,6,40
2025-10-11,ITM-010,Electronics,1,103,200,3,5,40
2025-10-11,ITM-001,Electronics,6,67,400,31,5,40
2025-10-11,ITM-007,Accessories,10,139,25,1,3,40
2025-10-11,ITM-006,Accessories,6,52,40,33,5,40
2025-10-12,ITM-008,Electronics,8,64,300,23,3,40
2025-10-12,ITM-004,Furniture,5,101,45,16,6,40
2025-10-12,ITM-003,Furniture,8,31,150,9,5,40
2025-10-12,ITM-002,Electronics,8,29,800,49,5,40
2025-10-12,ITM-005,Accessories,7,89,90,6,6,40
2025-10-12,ITM-010,Electronics,1,134,200,3,7,40
2025-10-12,ITM-001,Electronics,4,22,400,31,6,40
2025-10-12,ITM-009,Furniture,5,101,450,8,3,40
2025-10-12,ITM-007,Accessories,10,45,25,1,5,40
2025-10-12,ITM-006,Accessories,8,116,40,33,5,40
2025-10-13,ITM-008,Electronics,8,73,300,23,4,40
2025-10-13,ITM-004,Furniture,13,35,45,16,5,40
2025-10-13,ITM-003,Furniture,2,103,150,9,6,40
2025-10-13,ITM-005,Accessories,7,82,90,6,7,40
2025-10-13,ITM-009,Furniture,8,101,450,8,7,40
2025-10-13,ITM-007,Accessories,2,137,25,1,4,40
2025-10-13,ITM-006,Accessories,3,74,40,33,3,40
2025-10-14,ITM-004,Furniture,9,80,45,16,6,40
2025-10-14,ITM-003,Furniture,2,113,150,9,6,40
2025-10-14,ITM-002,Electronics,9,107,800,49,5,40
2025-10-14,ITM-005,Accessories,7,79,90,6,6,40
2025-10-14,ITM-001,Electronics,8,84,400,31,7,40
2025-10-14,ITM-009,Furniture,5,80,450,8,5,40
2025-10-14,ITM-007,Accessories,8,81,25,1,7,40
2025-10-14,ITM-006,Accessories,2,16,40,33,3,40
2025-10-15,ITM-008,Electronics,3,135,300,23,6,40
2025-10-15,ITM-004,Furniture,8,138,45,16,3,40
2025-10-15,ITM-003,Furniture,6,46,150,9,4,40
2025-10-15,ITM-002,Electronics,3,80,800,49,5,40
2025-10-15,ITM-005,Accessories,3,82,90,6,4,40
2025-10-15,ITM-010,Electronics,18,58,200,3,3,40
2025-10-15,ITM-001,Electronics,7,70,400,31,6,40
2025-10-15,ITM-009,Furniture,18,124,450,8,3,40
2025-10-15,ITM-007,Accessories,9,76,25,1,5,40
2025-10-15,ITM-006,Accessories,9,64,40,33,5,40
2025-10-16,ITM-004,Furniture,8,135,45,16,6,40
2025-10-16,ITM-003,Furniture,1,104,150,9,5,40
2025-10-16,ITM-005,Accessories,8,107,90,6,4,40
2025-10-16,ITM-010,Electronics,2,58,200,3,5,40
2025-10-16,ITM-001,Electronics,6,145,400,31,5,40
2025-10-16,ITM-009,Furniture,1,126,450,8,4,40
2025-10-16,ITM-007,Accessories,4,118,25,1,3,40
2025-10-16,ITM-006,Accessories,10,127,40,33,5,40
2025-10-17,ITM-004,Furniture,2,111,45,16,7,40
2025-10-17,ITM-005,Accessories,9,136,90,6,7,40
2025-10-17,ITM-001,Electronics,5,130,400,31,4,40
2025-10-17,ITM-007,Accessories,4,31,25,1,4,40
2025-10-17,ITM-006,Accessories,2,62,40,33,6,40
2025-10-18,ITM-008,Electronics,3,128,300,23,4,40
2025-10-18,ITM-004,Furniture,8,31,45,16,5,40
2025-10-18,ITM-003,Furniture,11,49,150,9,5,40
2025-10-18,ITM-002,Electronics,4,63,800,49,3,40
2025-10-18,ITM-005,Accessories,9,93,90,6,6,40
2025-10-18,ITM-010,Electronics,7,91,200,3,4,40
2025-10-18,ITM-001,Electronics,14,52,400,31,7,40
2025-10-18,ITM-009,Furniture,2,27,450,8,5,40
2025-10-18,ITM-007,Accessories,3,141,25,1,7,40
2025-10-18,ITM-006,Accessories,10,10,40,33,4,40
2025-10-19,ITM-002,Electronics,1,24,800,49,4,40
2025-10-19,ITM-005,Accessories,13,91,90,6,5,40
2025-10-19,ITM-001,Electronics,2,49,400,31,3,40
2025-10-19,ITM-007,Accessories,2,12,25,1,4,40
2025-10-20,ITM-008,Electronics,3,85,300,23,6,40
2025-10-20,ITM-004,Furniture,4,96,45,16,6,40
2025-10-20,ITM-003,Furniture,13,131,150,9,6,40
2025-10-20,ITM-002,Electronics,2,92,800,49,5,40
2025-10-20,ITM-005,Accessories,5,129,90,6,5,40
2025-10-20,ITM-010,Electronics,5,103,200,3,6,40
2025-10-20,ITM-001,Electronics,5,86,400,31,7,40
2025-10-20,ITM-009,Furniture,14,114,450,8,5,40
2025-10-20,ITM-007,Accessories,3,36,25,1,7,40
2025-10-20,ITM-006,Accessories,22,10,40,33,3,40
2025-10-21,ITM-008,Electronics,1,85,300,23,7,40
2025-10-21,ITM-004,Furniture,5,116,45,16,5,40
2025-10-21,ITM-003,Furniture,2,35,150,9,4,40
2025-10-21,ITM-005,Accessories,4,42,90,6,6,40
2025-10-21,ITM-010,Electronics,4,129,200,3,7,40
2025-10-21,ITM-001,Electronics,2,115,400,31,7,40
2025-10-21,ITM-009,Furniture,8,119,450,8,5,40
2025-10-21,ITM-006,Accessories,5,23,40,33,6,40
2025-10-22,ITM-008,Electronics,5,129,300,23,5,40
2025-10-22,ITM-004,Furniture,12,128,45,16,5,40
2025-10-22,ITM-003,Furniture,5,15,150,9,3,40
2025-10-22,ITM-002,Electronics,10,117,800,49,6,40
2025-10-22,ITM-005,Accessories,8,109,90,6,6,40
2025-10-22,ITM-010,Electronics,12,91,200,3,6,40
2025-10-22,ITM-001,Electronics,9,31,400,31,7,40
2025-10-22,ITM-009,Furniture,3,74,450,8,5,40
2025-10-22,ITM-007,Accessories,7,47,25,1,4,40
2025-10-23,ITM-008,Electronics,5,92,300,23,4,40
2025-10-23,ITM-004,Furniture,3,134,45,16,7,40
2025-10-23,ITM-003,Furniture,6,132,150,9,5,40
2025-10-23,ITM-005,Accessories,2,67,90,6,4,40
2025-10-23,ITM-010,Electronics,12,87,200,3,5,40
2025-10-23,ITM-007,Accessories,5,93,25,1,5,40
2025-10-23,ITM-006,Accessories,3,40,40,33,5,40
2025-10-24,ITM-004,Furniture,12,99,45,16,7,40
2025-10-24,ITM-003,Furniture,9,136,150,9,7,40
2025-10-24,ITM-002,Electronics,9,11,800,49,7,40
2025-10-24,ITM-005,Accessories,6,89,90,6,5,40
2025-10-24,ITM-010,Electronics,1,145,200,3,4,40
2025-10-24,ITM-009,Furniture,5,121,450,8,3,40
2025-10-24,ITM-007,Accessories,5,95,25,1,4,40
2025-10-24,ITM-006,Accessories,8,127,40,33,5,40
2025-10-25,ITM-004,Furniture,3,136,45,16,4,40
2025-10-25,ITM-005,Accessories,14,39,90,6,4,40
2025-10-25,ITM-001,Electronics,11,29,400,31,3,40
2025-10-25,ITM-009,Furniture,2,10,450,8,3,40
2025-10-25,ITM-007,Accessories,16,62,25,1,6,40
2025-10-25,ITM-006,Accessories,3,21,40,33,5,40
2025-10-26,ITM-008,Electronics,4,56,300,23,7,40
2025-10-26,ITM-004,Furniture,10,65,45,16,4,40
2025-10-26,ITM-003,Furniture,7,116,150,9,6,40
2025-10-26,ITM-002,Electronics,4,12,800,49,7,40
2025-10-26,ITM-005,Accessories,9,125,90,6,3,40
2025-10-26,ITM-006,Accessories,1,104,40,33,6,40
2025-10-27,ITM-008,Electronics,5,148,300,23,4,40
2025-10-27,ITM-004,Furniture,4,96,45,16,5,40
2025-10-27,ITM-003,Furniture,4,116,150,9,3,40
2025-10-27,ITM-002,Electronics,13,132,800,49,3,40
2025-10-27,ITM-005,Accessories,3,25,90,6,5,40
2025-10-27,ITM-010,Electronics,9,108,200,3,7,40
2025-10-27,ITM-001,Electronics,9,81,400,31,6,40
2025-10-27,ITM-009,Furniture,4,118,450,8,4,40
2025-10-27,ITM-007,Accessories,7,11,25,1,4,40
2025-10-27,ITM-006,Accessories,1,14,40,33,5,40
2025-10-28,ITM-008,Electronics,6,89,300,23,3,40
2025-10-28,ITM-004,Furniture,12,24,45,16,3,40
2025-10-28,ITM-003,Furniture,4,103,150,9,4,40
2025-10-28,ITM-005,Accessories,8,111,90,6,6,40
2025-10-28,ITM-010,Electronics,13,48,200,3,5,40
2025-10-28,ITM-001,Electronics,9,63,400,31,5,40
2025-10-28,ITM-007,Accessories,3,144,25,1,3,40
2025-10-28,ITM-006,Accessories,6,45,40,33,4,40
2025-10-29,ITM-008,Electronics,5,51,300,23,4,40
2025-10-29,ITM-004,Furniture,8,25,45,16,3,40
2025-10-29,ITM-003,Furniture,1,84,150,9,4,40
2025-10-29,ITM-002,Electronics,10,88,800,49,5,40
2025-10-29,ITM-005,Accessories,3,58,90,6,4,40
2025-10-29,ITM-010,Electronics,7,36,200,3,3,40
2025-10-29,ITM-001,Electronics,7,130,400,31,5,40
2025-10-29,ITM-007,Accessories,4,55,25,1,7,40
2025-10-30,ITM-008,Electronics,15,128,300,23,5,40
2025-10-30,ITM-004,Furniture,5,115,45,16,7,40
2025-10-30,ITM-003,Furniture,4,28,150,9,5,40
2025-10-30,ITM-005,Accessories,6,135,90,6,7,40
2025-10-30,ITM-010,Electronics,3,74,200,3,7,40
2025-10-30,ITM-001,Electronics,14,124,400,31,5,40
2025-10-30,ITM-009,Furniture,3,48,450,8,6,40
2025-10-30,ITM-007,Accessories,1,134,25,1,6,40
2025-10-31,ITM-008,Electronics,3,82,300,23,7,40
2025-10-31,ITM-004,Furniture,10,26,45,16,3,40
2025-10-31,ITM-003,Furniture,7,77,150,9,5,40
2025-10-31,ITM-002,Electronics,4,65,800,49,7,40
2025-10-31,ITM-005,Accessories,7,118,90,6,7,40
2025-10-31,ITM-010,Electronics,5,22,200,3,3,40
2025-10-31,ITM-001,Electronics,8,125,400,31,6,40
2025-10-31,ITM-009,Furniture,17,57,450,8,7,40
2025-10-31,ITM-007,Accessories,4,51,25,1,4,40
2025-10-31,ITM-006,Accessories,3,92,40,33,5,40
2025-11-01,ITM-008,Electronics,3,138,300,23,5,40
2025-11-01,ITM-004,Furniture,4,104,45,16,3,40
2025-11-01,ITM-003,Furniture,1,146,150,9,5,40
2025-11-01,ITM-010,Electronics,4,141,200,3,4,40
2025-11-01,ITM-001,Electronics,4,114,400,31,7,40
2025-11-01,ITM-009,Furniture,4,99,450,8,6,40
2025-11-01,ITM-006,Accessories,4,13,40,33,4,40
2025-11-02,ITM-008,Electronics,8,77,300,23,6,40
2025-11-02,ITM-004,Furniture,5,64,45,16,6,40
2025-11-02,ITM-002,Electronics,5,72,800,49,5,40
2025-11-02,ITM-005,Accessories,6,87,90,6,3,40
2025-11-02,ITM-010,Electronics,5,77,200,3,4,40
2025-11-02,ITM-001,Electronics,2,94,400,31,3,40
2025-11-02,ITM-009,Furniture,3,20,450,8,6,40
2025-11-02,ITM-007,Accessories,12,55,25,1,4,40
2025-11-02,ITM-006,Accessories,6,17,40,33,7,40
2025-11-03,ITM-008,Electronics,5,49,300,23,7,40
2025-11-03,ITM-004,Furniture,5,89,45,16,4,40
2025-11-03,ITM-003,Furniture,4,24,150,9,3,40
2025-11-03,ITM-005,Accessories,10,124,90,6,3,40
2025-11-03,ITM-010,Electronics,5,140,200,3,5,40
2025-11-03,ITM-001,Electronics,3,101,400,31,5,40
2025-11-03,ITM-009,Furniture,5,93,450,8,6,40
2025-11-03,ITM-007,Accessories,1,52,25,1,7,40
2025-11-03,ITM-006,Accessories,9,80,40,33,3,40
2025-11-04,ITM-008,Electronics,18,11,300,23,3,40
2025-11-04,ITM-004,Furniture,3,83,45,16,3,40
2025-11-04,ITM-003,Furniture,8,141,150,9,6,40
2025-11-04,ITM-002,Electronics,4,31,800,49,5,40
2025-11-04,ITM-005,Accessories,11,144,90,6,3,40
2025-11-04,ITM-010,Electronics,3,81,200,3,5,40
2025-11-04,ITM-001,Electronics,4,65,400,31,3,40
2025-11-04,ITM-009,Furniture,9,47,450,8,4,40
2025-11-04,ITM-007,Accessories,15,80,25,1,7,40
2025-11-05,ITM-008,Electronics,9,81,300,23,3,40
2025-11-05,ITM-003,Furniture,3,142,150,9,5,40
2025-11-05,ITM-002,Electronics,3,134,800,49,6,40
2025-11-05,ITM-005,Accessories,15,17,90,6,3,40
2025-11-05,ITM-010,Electronics,4,31,200,3,6,40
2025-11-05,ITM-007,Accessories,16,27,25,1,4,40
2025-11-05,ITM-006,Accessories,5,96,40,33,4,40
2025-11-06,ITM-008,Electronics,5,17,300,23,4,40
2025-11-06,ITM-004,Furniture,5,28,45,16,5,40
2025-11-06,ITM-003,Furniture,2,135,150,9,3,40
2025-11-06,ITM-002,Electronics,4,123,800,49,4,40
2025-11-06,ITM-005,Accessories,10,44,90,6,3,40
2025-11-06,ITM-010,Electronics,5,127,200,3,7,40
2025-11-06,ITM-009,Furniture,4,42,450,8,4,40
2025-11-06,ITM-007,Accessories,6,65,25,1,4,40
2025-11-07,ITM-008,Electronics,1,13,300,23,4,40
2025-11-07,ITM-004,Furniture,7,84,45,16,4,40
2025-11-07,ITM-003,Furniture,12,132,150,9,3,40
2025-11-07,ITM-002,Electronics,2,96,800,49,6,40
2025-11-07,ITM-005,Accessories,13,50,90,6,6,40
2025-11-07,ITM-010,Electronics,8,144,200,3,4,40
2025-11-07,ITM-001,Electronics,13,115,400,31,7,40
2025-11-07,ITM-009,Furniture,12,60,450,8,6,40
2025-11-07,ITM-007,Accessories,9,25,25,1,4,40
2025-11-07,ITM-006,Accessories,10,95,40,33,6,40
2025-11-08,ITM-008,Electronics,5,118,300,23,6,40
2025-11-08,ITM-004,Furniture,5,51,45,16,7,40
2025-11-08,ITM-003,Furniture,9,123,150,9,4,40
2025-11-08,ITM-002,Electronics,12,50,800,49,5,40
2025-11-08,ITM-005,Accessories,3,76,90,6,5,40
2025-11-08,ITM-010,Electronics,4,16,200,3,6,40
2025-11-08,ITM-001,Electronics,2,97,400,31,5,40
2025-11-08,ITM-009,Furniture,11,31,450,8,4,40
2025-11-08,ITM-006,Accessories,5,145,40,33,3,40
2025-11-09,ITM-004,Furniture,10,11,45,16,4,40
2025-11-09,ITM-007,Accessories,13,70,25,1,6,40
2025-11-09,ITM-006,Accessories,1,121,40,33,7,40
2025-11-10,ITM-004,Furniture,10,65,45,16,6,40
2025-11-10,ITM-003,Furniture,5,17,150,9,7,40
2025-11-10,ITM-002,Electronics,6,92,800,49,5,40
2025-11-10,ITM-005,Accessories,15,35,90,6,5,40
2025-11-10,ITM-010,Electronics,7,147,200,3,7,40
2025-11-10,ITM-001,Electronics,4,62,400,31,7,40
2025-11-10,ITM-007,Accessories,20,113,25,1,3,40
2025-11-10,ITM-006,Accessories,8,85,40,33,7,40
2025-11-11,ITM-008,Electronics,5,121,300,23,5,40
2025-11-11,ITM-003,Furniture,4,57,150,9,7,40
2025-11-11,ITM-002,Electronics,3,148,800,49,7,40
2025-11-11,ITM-005,Accessories,9,14,90,6,7,40
2025-11-11,ITM-010,Electronics,7,137,200,3,6,40
2025-11-11,ITM-009,Furniture,14,76,450,8,3,40
2025-11-12,ITM-008,Electronics,1,14,300,23,4,40
2025-11-12,ITM-004,Furniture,1,80,45,16,4,40
2025-11-12,ITM-003,Furniture,5,87,150,9,4,40
2025-11-12,ITM-002,Electronics,5,31,800,49,4,40
2025-11-12,ITM-005,Accessories,7,74,90,6,5,40
2025-11-12,ITM-010,Electronics,4,100,200,3,7,40
2025-11-12,ITM-001,Electronics,11,102,400,31,6,40
2025-11-12,ITM-009,Furniture,13,148,450,8,4,40
2025-11-12,ITM-007,Accessories,10,40,25,1,5,40
2025-11-12,ITM-006,Accessories,10,41,40,33,3,40
2025-11-13,ITM-008,Electronics,7,16,300,23,6,40
2025-11-13,ITM-004,Furniture,1,51,45,16,5,40
2025-11-13,ITM-003,Furniture,13,144,150,9,6,40
2025-11-13,ITM-005,Accessories,14,115,90,6,5,40
2025-11-13,ITM-001,Electronics,5,127,400,31,5,40
2025-11-13,ITM-009,Furniture,2,78,450,8,5,40
2025-11-13,ITM-007,Accessories,5,131,25,1,6,40
2025-11-13,ITM-006,Accessories,7,30,40,33,6,40
2025-11-14,ITM-008,Electronics,6,52,300,23,7,40
2025-11-14,ITM-004,Furniture,13,55,45,16,3,40
2025-11-14,ITM-003,Furniture,6,148,150,9,7,40
2025-11-14,ITM-005,Accessories,16,106,90,6,3,40
2025-11-14,ITM-010,Electronics,4,122,200,3,4,40
2025-11-14,ITM-001,Electronics,11,131,400,31,7,40
2025-11-14,ITM-007,Accessories,6,21,25,1,5,40
2025-11-14,ITM-006,Accessories,9,111,40,33,4,40
2025-11-15,ITM-008,Electronics,5,33,300,23,6,40
2025-11-15,ITM-003,Furniture,10,50,150,9,7,40
2025-11-15,ITM-005,Accessories,8,66,90,6,4,40
2025-11-15,ITM-010,Electronics,14,13,200,3,5,40
2025-11-15,ITM-009,Furniture,3,114,450,8,7,40
2025-11-15,ITM-006,Accessories,4,14,40,33,4,40
2025-11-16,ITM-008,Electronics,5,139,300,23,7,40
2025-11-16,ITM-003,Furniture,9,16,150,9,3,40
2025-11-16,ITM-002,Electronics,7,81,800,49,3,40
2025-11-16,ITM-005,Accessories,4,57,90,6,3,40
2025-11-16,ITM-010,Electronics,6,15,200,3,6,40
2025-11-16,ITM-001,Electronics,4,85,400,31,7,40
2025-11-16,ITM-009,Furniture,16,133,450,8,5,40
2025-11-16,ITM-007,Accessories,5,97,25,1,3,40
2025-11-16,ITM-006,Accessories,8,95,40,33,7,40
2025-11-17,ITM-008,Electronics,1,106,300,23,7,40
2025-11-17,ITM-003,Furniture,5,75,150,9,3,40
2025-11-17,ITM-002,Electronics,4,101,800,49,5,40
2025-11-17,ITM-005,Accessories,11,116,90,6,4,40
2025-11-17,ITM-010,Electronics,8,35,200,3,5,40
2025-11-17,ITM-001,Electronics,7,32,400,31,5,40
2025-11-17,ITM-007,Accessories,15,61,25,1,4,40
2025-11-17,ITM-006,Accessories,2,26,40,33,6,40
2025-11-18,ITM-008,Electronics,2,149,300,23,3,40
2025-11-18,ITM-004,Furniture,8,73,45,16,5,40
2025-11-18,ITM-003,Furniture,9,30,150,9,5,40
2025-11-18,ITM-002,Electronics,4,147,800,49,3,40
2025-11-18,ITM-005,Accessories,16,97,90,6,6,40
2025-11-18,ITM-010,Electronics,4,141,200,3,3,40
2025-11-18,ITM-001,Electronics,8,10,400,31,7,40
2025-11-18,ITM-009,Furniture,1,107,450,8,4,40
2025-11-18,ITM-006,Accessories,4,131,40,33,6,40
2025-11-19,ITM-008,Electronics,11,122,300,23,3,40
2025-11-19,ITM-004,Furniture,21,110,45,16,5,40
2025-11-19,ITM-003,Furniture,10,73,150,9,6,40
2025-11-19,ITM-002,Electronics,5,121,800,49,5,40
2025-11-19,ITM-005,Accessories,6,21,90,6,6,40
2025-11-19,ITM-010,Electronics,4,50,200,3,3,40
2025-11-19,ITM-009,Furniture,5,125,450,8,6,40
2025-11-19,ITM-007,Accessories,5,23,25,1,6,40
2025-11-19,ITM-006,Accessories,2,83,40,33,4,40
2025-11-20,ITM-008,Electronics,3,17,300,23,3,40
2025-11-20,ITM-004,Furniture,2,13,45,16,3,40
2025-11-20,ITM-003,Furniture,7,30,150,9,4,40
2025-11-20,ITM-002,Electronics,5,57,800,49,6,40
2025-11-20,ITM-005,Accessories,8,59,90,6,4,40
2025-11-20,ITM-001,Electronics,8,120,400,31,6,40
2025-11-20,ITM-009,Furniture,5,147,450,8,5,40
2025-11-20,ITM-007,Accessories,4,83,25,1,4,40
2025-11-20,ITM-006,Accessories,1,73,40,33,7,40
2025-11-21,ITM-004,Furniture,8,112,45,16,5,40
2025-11-21,ITM-003,Furniture,1,112,150,9,5,40
2025-11-21,ITM-002,Electronics,5,94,800,49,3,40
2025-11-21,ITM-005,Accessories,5,53,90,6,7,40
2025-11-21,ITM-010,Electronics,14,120,200,3,3,40
2025-11-21,ITM-001,Electronics,2,89,400,31,7,40
2025-11-21,ITM-009,Furniture,6,13,450,8,6,40
2025-11-21,ITM-007,Accessories,2,65,25,1,4,40
2025-11-21,ITM-006,Accessories,3,52,40,33,3,40
2025-11-22,ITM-008,Electronics,10,55,300,23,5,40
2025-11-22,ITM-004,Furniture,15,20,45,16,7,40
2025-11-22,ITM-003,Furniture,5,15,150,9,4,40
2025-11-22,ITM-002,Electronics,11,83,800,49,7,40
2025-11-22,ITM-005,Accessories,6,82,90,6,3,40
2025-11-22,ITM-010,Electronics,3,58,200,3,6,40
2025-11-22,ITM-001,Electronics,7,84,400,31,4,40
2025-11-22,ITM-007,Accessories,3,138,25,1,3,40
2025-11-22,ITM-006,Accessories,19,93,40,33,7,40
2025-11-23,ITM-008,Electronics,10,107,300,23,7,40
2025-11-23,ITM-004,Furniture,11,98,45,16,3,40
2025-11-23,ITM-002,Electronics,5,96,800,49,4,40
2025-11-23,ITM-005,Accessories,7,111,90,6,3,40
2025-11-23,ITM-010,Electronics,3,118,200,3,7,40
2025-11-23,ITM-001,Electronics,16,112,400,31,4,40
2025-11-23,ITM-009,Furniture,6,18,450,8,4,40
2025-11-23,ITM-007,Accessories,6,69,25,1,5,40
2025-11-23,ITM-006,Accessories,9,18,40,33,6,40
2025-11-24,ITM-008,Electronics,7,90,300,23,3,40
2025-11-24,ITM-004,Furniture,10,70,45,16,6,40
2025-11-24,ITM-003,Furniture,12,118,150,9,7,40
2025-11-24,ITM-002,Electronics,10,119,800,49,6,40
2025-11-24,ITM-010,Electronics,3,136,200,3,3,40
2025-11-24,ITM-001,Electronics,12,138,400,31,6,40
2025-11-24,ITM-009,Furniture,3,113,450,8,4,40
2025-11-25,ITM-008,Electronics,4,129,300,23,6,40
2025-11-25,ITM-003,Furniture,24,108,150,9,4,40
2025-11-25,ITM-002,Electronics,3,125,800,49,7,40
2025-11-25,ITM-005,Accessories,5,104,90,6,6,40
2025-11-25,ITM-001,Electronics,9,20,400,31,7,40
2025-11-25,ITM-009,Furniture,4,105,450,8,6,40
2025-11-25,ITM-007,Accessories,9,47,25,1,7,40
2025-11-26,ITM-003,Furniture,4,38,150,9,7,40
2025-11-26,ITM-002,Electronics,4,146,800,49,5,40
2025-11-26,ITM-005,Accessories,6,131,90,6,7,40
2025-11-26,ITM-009,Furniture,7,103,450,8,3,40
2025-11-26,ITM-006,Accessories,4,31,40,33,5,40
2025-11-27,ITM-008,Electronics,5,25,300,23,3,40
2025-11-27,ITM-004,Furniture,6,48,45,16,6,40
2025-11-27,ITM-003,Furniture,3,15,150,9,7,40
2025-11-27,ITM-002,Electronics,2,40,800,49,5,40
2025-11-27,ITM-005,Accessories,4,113,90,6,5,40
2025-11-27,ITM-001,Electronics,14,77,400,31,7,40
2025-11-27,ITM-009,Furniture,7,61,450,8,3,40
2025-11-27,ITM-007,Accessories,2,89,25,1,5,40
2025-11-27,ITM-006,Accessories,9,19,40,33,3,40
2025-11-28,ITM-008,Electronics,9,147,300,23,5,40
2025-11-28,ITM-004,Furniture,5,76,45,16,6,40
2025-11-28,ITM-003,Furniture,5,78,150,9,7,40
2025-11-28,ITM-002,Electronics,3,11,800,49,4,40
2025-11-28,ITM-010,Electronics,8,72,200,3,7,40
2025-11-28,ITM-006,Accessories,5,148,40,33,4,40
2025-11-29,ITM-008,Electronics,4,37,300,23,7,40
2025-11-29,ITM-004,Furniture,4,77,45,16,7,40
2025-11-29,ITM-003,Furniture,12,127,150,9,3,40
2025-11-29,ITM-002,Electronics,8,113,800,49,7,40
2025-11-29,ITM-005,Accessories,13,26,90,6,5,40
2025-11-29,ITM-010,Electronics,12,114,200,3,5,40
2025-11-29,ITM-001,Electronics,4,145,400,31,6,40
2025-11-29,ITM-009,Furniture,11,76,450,8,7,40
2025-11-29,ITM-006,Accessories,5,25,40,33,5,40
2025-11-30,ITM-008,Electronics,11,145,300,23,7,40
2025-11-30,ITM-004,Furniture,11,101,45,16,7,40
2025-11-30,ITM-002,Electronics,14,139,800,49,6,40
2025-11-30,ITM-005,Accessories,2,78,90,6,3,40
2025-11-30,ITM-010,Electronics,10,62,200,3,5,40
2025-11-30,ITM-001,Electronics,10,71,400,31,3,40
2025-11-30,ITM-009,Furniture,10,110,450,8,4,40
2025-11-30,ITM-007,Accessories,4,59,25,1,5,40
2025-11-30,ITM-006,Accessories,9,64,40,33,6,40
2025-12-01,ITM-004,Furniture,7,49,45,16,3,40
2025-12-01,ITM-003,Furniture,3,13,150,9,3,40
2025-12-01,ITM-002,Electronics,15,58,800,49,6,40
2025-12-01,ITM-005,Accessories,7,34,90,6,7,40
2025-12-01,ITM-010,Electronics,1,119,200,3,5,40
2025-12-01,ITM-009,Furniture,10,94,450,8,7,40
2025-12-01,ITM-007,Accessories,9,109,25,1,5,40
2025-12-02,ITM-008,Electronics,3,15,300,23,3,40
2025-12-02,ITM-004,Furniture,6,128,45,16,7,40
2025-12-02,ITM-002,Electronics,8,121,800,49,7,40
2025-12-02,ITM-005,Accessories,13,28,90,6,3,40
2025-12-02,ITM-010,Electronics,10,33,200,3,4,40
2025-12-02,ITM-001,Electronics,2,37,400,31,3,40
2025-12-02,ITM-007,Accessories,1,18,25,1,4,40
2025-12-02,ITM-006,Accessories,5,27,40,33,7,40
2025-12-03,ITM-008,Electronics,21,18,300,23,7,40
2025-12-03,ITM-004,Furniture,13,46,45,16,7,40
2025-12-03,ITM-003,Furniture,13,47,150,9,7,40
2025-12-03,ITM-002,Electronics,3,25,800,49,5,40
2025-12-03,ITM-005,Accessories,13,105,90,6,7,40
2025-12-03,ITM-010,Electronics,7,71,200,3,5,40
2025-12-03,ITM-001,Electronics,12,70,400,31,7,40
2025-12-03,ITM-009,Furniture,7,41,450,8,6,40
2025-12-03,ITM-006,Accessories,4,25,40,33,5,40
2025-12-04,ITM-008,Electronics,3,145,300,23,3,40
2025-12-04,ITM-004,Furniture,3,48,45,16,3,40
2025-12-04,ITM-003,Furniture,2,20,150,9,6,40
2025-12-04,ITM-002,Electronics,9,37,800,49,3,40
2025-12-04,ITM-010,Electronics,11,75,200,3,3,40
2025-12-04,ITM-001,Electronics,20,74,400,31,7,40
2025-12-04,ITM-009,Furniture,3,61,450,8,5,40
2025-12-04,ITM-007,Accessories,4,15,25,1,4,40
2025-12-04,ITM-006,Accessories,9,142,40,33,6,40
2025-12-05,ITM-008,Electronics,9,32,300,23,3,40
2025-12-05,ITM-002,Electronics,4,10,800,49,6,40
2025-12-05,ITM-005,Accessories,2,50,90,6,4,40
2025-12-05,ITM-010,Electronics,6,86,200,3,7,40
2025-12-05,ITM-001,Electronics,3,106,400,31,7,40
2025-12-05,ITM-007,Accessories,9,87,25,1,5,40
2025-12-06,ITM-008,Electronics,4,51,300,23,7,40
2025-12-06,ITM-004,Furniture,15,96,45,16,6,40
2025-12-06,ITM-003,Furniture,1,39,150,9,7,40
2025-12-06,ITM-002,Electronics,5,35,800,49,7,40
2025-12-06,ITM-005,Accessories,2,17,90,6,6,40
2025-12-06,ITM-001,Electronics,5,66,400,31,4,40
2025-12-06,ITM-009,Furniture,4,10,450,8,3,40
2025-12-06,ITM-007,Accessories,2,137,25,1,3,40
2025-12-06,ITM-006,Accessories,8,48,40,33,6,40
2025-12-07,ITM-008,Electronics,5,99,300,23,3,40
2025-12-07,ITM-003,Furniture,4,13,150,9,7,40
2025-12-07,ITM-005,Accessories,3,22,90,6,3,40
2025-12-07,ITM-007,Accessories,8,80,25,1,4,40
2025-12-08,ITM-008,Electronics,3,143,300,23,3,40
2025-12-08,ITM-003,Furniture,4,145,150,9,5,40
2025-12-08,ITM-002,Electronics,11,20,800,49,3,40
2025-12-08,ITM-005,Accessories,7,17,90,6,5,40
2025-12-08,ITM-010,Electronics,2,28,200,3,7,40
2025-12-08,ITM-009,Furniture,3,91,450,8,6,40
2025-12-08,ITM-007,Accessories,4,26,25,1,7,40
2025-12-08,ITM-006,Accessories,3,58,40,33,4,40
2025-12-09,ITM-008,Electronics,7,105,300,23,5,40
2025-12-09,ITM-004,Furniture,8,125,45,16,7,40
2025-12-09,ITM-003,Furniture,2,52,150,9,4,40
2025-12-09,ITM-002,Electronics,3,65,800,49,5,40
2025-12-09,ITM-005,Accessories,2,24,90,6,4,40
2025-12-09,ITM-010,Electronics,8,25,200,3,3,40
2025-12-09,ITM-001,Electronics,5,70,400,31,4,40
2025-12-09,ITM-009,Furniture,2,48,450,8,6,40
2025-12-09,ITM-007,Accessories,10,122,25,1,5,40
2025-12-09,ITM-006,Accessories,4,103,40,33,4,40
2025-12-10,ITM-008,Electronics,4,119,300,23,4,40
2025-12-10,ITM-004,Furniture,3,60,45,16,5,40
2025-12-10,ITM-003,Furniture,7,74,150,9,3,40
2025-12-10,ITM-002,Electronics,2,128,800,49,6,40
2025-12-10,ITM-005,Accessories,3,73,90,6,7,40
2025-12-10,ITM-009,Furniture,14,39,450,8,6,40
2025-12-10,ITM-007,Accessories,2,11,25,1,7,40
2025-12-11,ITM-008,Electronics,7,44,300,23,5,40
2025-12-11,ITM-004,Furniture,1,40,45,16,3,40
2025-12-11,ITM-003,Furniture,8,91,150,9,3,40
2025-12-11,ITM-002,Electronics,5,119,800,49,7,40
2025-12-11,ITM-005,Accessories,15,81,90,6,5,40
2025-12-11,ITM-010,Electronics,3,38,200,3,7,40
2025-12-11,ITM-001,Electronics,8,36,400,31,7,40
2025-12-11,ITM-009,Furniture,3,104,450,8,5,40
2025-12-11,ITM-006,Accessories,5,128,40,33,3,40
2025-12-12,ITM-008,Electronics,2,114,300,23,5,40
2025-12-12,ITM-004,Furniture,5,42,45,16,6,40
2025-12-12,ITM-001,Electronics,3,139,400,31,4,40
2025-12-12,ITM-007,Accessories,4,27,25,1,4,40
2025-12-12,ITM-006,Accessories,12,18,40,33,7,40
2025-12-13,ITM-008,Electronics,3,147,300,23,7,40
2025-12-13,ITM-004,Furniture,3,134,45,16,3,40
2025-12-13,ITM-003,Furniture,15,136,150,9,5,40
2025-12-13,ITM-002,Electronics,13,53,800,49,7,40
2025-12-13,ITM-005,Accessories,3,86,90,6,4,40
2025-12-13,ITM-010,Electronics,22,137,200,3,4,40
2025-12-13,ITM-001,Electronics,13,69,400,31,7,40
2025-12-13,ITM-009,Furniture,12,73,450,8,6,40
2025-12-13,ITM-007,Accessories,4,75,25,1,3,40
2025-12-13,ITM-006,Accessories,21,25,40,33,3,40
2025-12-14,ITM-008,Electronics,4,75,300,23,7,40
2025-12-14,ITM-004,Furniture,5,76,45,16,5,40
2025-12-14,ITM-003,Furniture,8,13,150,9,6,40
2025-12-14,ITM-005,Accessories,7,61,90,6,7,40
2025-12-14,ITM-010,Electronics,8,135,200,3,3,40
2025-12-14,ITM-009,Furniture,12,108,450,8,7,40
2025-12-14,ITM-007,Accessories,3,107,25,1,7,40
2025-12-15,ITM-008,Electronics,5,59,300,23,5,40
2025-12-15,ITM-004,Furniture,3,44,45,16,5,40
2025-12-15,ITM-003,Furniture,5,14,150,9,6,40
2025-12-15,ITM-005,Accessories,5,122,90,6,3,40
2025-12-15,ITM-010,Electronics,1,96,200,3,3,40
2025-12-15,ITM-009,Furniture,7,108,450,8,3,40
2025-12-15,ITM-006,Accessories,6,94,40,33,5,40
2025-12-16,ITM-008,Electronics,4,122,300,23,3,40
2025-12-16,ITM-004,Furniture,4,75,45,16,4,40
2025-12-16,ITM-003,Furniture,6,41,150,9,5,40
2025-12-16,ITM-002,Electronics,7,22,800,49,6,40
2025-12-16,ITM-010,Electronics,13,68,200,3,6,40
2025-12-16,ITM-001,Electronics,1,134,400,31,5,40
2025-12-16,ITM-007,Accessories,8,43,25,1,4,40
2025-12-16,ITM-006,Accessories,7,145,40,33,6,40
2025-12-17,ITM-004,Furniture,11,24,45,16,7,40
2025-12-17,ITM-003,Furniture,16,29,150,9,3,40
2025-12-17,ITM-002,Electronics,9,50,800,49,6,40
2025-12-17,ITM-005,Accessories,13,93,90,6,4,40
2025-12-17,ITM-010,Electronics,8,33,200,3,3,40
2025-12-17,ITM-001,Electronics,16,73,400,31,6,40
2025-12-17,ITM-009,Furniture,7,41,450,8,6,40
2025-12-17,ITM-007,Accessories,4,106,25,1,5,40
2025-12-17,ITM-006,Accessories,15,10,40,33,6,40
2025-12-18,ITM-008,Electronics,21,137,300,23,3,40
2025-12-18,ITM-004,Furniture,8,30,45,16,7,40
2025-12-18,ITM-003,Furniture,7,146,150,9,5,40
2025-12-18,ITM-002,Electronics,6,50,800,49,7,40
2025-12-18,ITM-005,Accessories,10,118,90,6,5,40
2025-12-18,ITM-010,Electronics,5,25,200,3,5,40
2025-12-18,ITM-001,Electronics,5,39,400,31,7,40
2025-12-18,ITM-009,Furniture,20,44,450,8,3,40
2025-12-18,ITM-007,Accessories,19,127,25,1,6,40
2025-12-18,ITM-006,Accessories,2,97,40,33,3,40
2025-12-19,ITM-008,Electronics,3,92,300,23,4,40
2025-12-19,ITM-004,Furniture,8,37,45,16,6,40
2025-12-19,ITM-003,Furniture,6,91,150,9,5,40
2025-12-19,ITM-002,Electronics,3,43,800,49,6,40
2025-12-19,ITM-005,Accessories,5,20,90,6,4,40
2025-12-19,ITM-001,Electronics,5,14,400,31,5,40
2025-12-19,ITM-006,Accessories,7,37,40,33,4,40
2025-12-20,ITM-008,Electronics,5,51,300,23,3,40
2025-12-20,ITM-003,Furniture,4,73,150,9,5,40
2025-12-20,ITM-002,Electronics,8,119,800,49,6,40
2025-12-20,ITM-010,Electronics,2,72,200,3,3,40
2025-12-20,ITM-009,Furniture,6,129,450,8,4,40
2025-12-20,ITM-006,Accessories,8,43,40,33,4,40
2025-12-21,ITM-008,Electronics,5,26,300,23,5,40
2025-12-21,ITM-004,Furniture,7,129,45,16,5,40
2025-12-21,ITM-002,Electronics,6,54,800,49,6,40
2025-12-21,ITM-005,Accessories,5,14,90,6,3,40
2025-12-21,ITM-010,Electronics,14,114,200,3,7,40
2025-12-21,ITM-001,Electronics,3,64,400,31,7,40
2025-12-21,ITM-009,Furniture,5,136,450,8,5,40
2025-12-21,ITM-007,Accessories,6,109,25,1,7,40
2025-12-21,ITM-006,Accessories,2,129,40,33,5,40
2025-12-22,ITM-008,Electronics,5,17,300,23,4,40
2025-12-22,ITM-004,Furniture,9,41,45,16,3,40
2025-12-22,ITM-003,Furniture,12,10,150,9,6,40
2025-12-22,ITM-002,Electronics,2,35,800,49,3,40
2025-12-22,ITM-005,Accessories,8,68,90,6,7,40
2025-12-22,ITM-010,Electronics,5,59,200,3,3,40
2025-12-22,ITM-001,Electronics,6,128,400,31,5,40
2025-12-22,ITM-009,Furniture,5,41,450,8,6,40
2025-12-22,ITM-007,Accessories,8,119,25,1,4,40
2025-12-22,ITM-006,Accessories,8,11,40,33,3,40
2025-12-23,ITM-008,Electronics,15,60,300,23,5,40
2025-12-23,ITM-004,Furniture,7,33,45,16,5,40
2025-12-23,ITM-003,Furniture,5,94,150,9,5,40
2025-12-23,ITM-002,Electronics,5,61,800,49,7,40
2025-12-23,ITM-005,Accessories,6,138,90,6,4,40
2025-12-23,ITM-010,Electronics,2,112,200,3,6,40
2025-12-23,ITM-001,Electronics,16,38,400,31,6,40
2025-12-23,ITM-009,Furniture,3,47,450,8,3,40
2025-12-23,ITM-006,Accessories,4,117,40,33,6,40
2025-12-24,ITM-008,Electronics,1,121,300,23,7,40
2025-12-24,ITM-004,Furniture,21,60,45,16,6,40
2025-12-24,ITM-003,Furniture,3,135,150,9,7,40
2025-12-24,ITM-002,Electronics,5,113,800,49,7,40
2025-12-24,ITM-005,Accessories,4,116,90,6,3,40
2025-12-24,ITM-010,Electronics,6,28,200,3,6,40
2025-12-24,ITM-001,Electronics,10,57,400,31,5,40
2025-12-24,ITM-009,Furniture,1,100,450,8,5,40
2025-12-24,ITM-007,Accessories,2,71,25,1,4,40
2025-12-24,ITM-006,Accessories,5,125,40,33,3,40
2025-12-25,ITM-008,Electronics,7,69,300,23,4,40
2025-12-25,ITM-004,Furniture,3,18,45,16,6,40
2025-12-25,ITM-003,Furniture,3,41,150,9,4,40
2025-12-25,ITM-005,Accessories,1,18,90,6,5,40
2025-12-25,ITM-010,Electronics,6,116,200,3,7,40
2025-12-25,ITM-001,Electronics,26,50,400,31,5,40
2025-12-25,ITM-007,Accessories,2,81,25,1,4,40
2025-12-25,ITM-006,Accessories,6,134,40,33,6,40
2025-12-26,ITM-008,Electronics,8,29,300,23,5,40
2025-12-26,ITM-003,Furniture,2,44,150,9,7,40
2025-12-26,ITM-002,Electronics,2,35,800,49,6,40
2025-12-26,ITM-005,Accessories,4,35,90,6,6,40
2025-12-26,ITM-010,Electronics,8,80,200,3,4,40
2025-12-26,ITM-007,Accessories,7,31,25,1,6,40
2025-12-27,ITM-008,Electronics,9,53,300,23,6,40
2025-12-27,ITM-004,Furniture,15,113,45,16,6,40
2025-12-27,ITM-003,Furniture,19,112,150,9,7,40
2025-12-27,ITM-005,Accessories,6,84,90,6,4,40
2025-12-27,ITM-010,Electronics,7,118,200,3,5,40
2025-12-27,ITM-001,Electronics,6,95,400,31,6,40
2025-12-27,ITM-009,Furniture,3,76,450,8,7,40
2025-12-27,ITM-007,Accessories,3,92,25,1,6,40
2025-12-27,ITM-006,Accessories,4,65,40,33,4,40
2025-12-28,ITM-008,Electronics,9,61,300,23,5,40
2025-12-28,ITM-004,Furniture,10,119,45,16,4,40
2025-12-28,ITM-003,Furniture,3,134,150,9,3,40
2025-12-28,ITM-002,Electronics,5,142,800,49,3,40
2025-12-28,ITM-005,Accessories,4,64,90,6,4,40
2025-12-28,ITM-010,Electronics,3,42,200,3,3,40
2025-12-28,ITM-001,Electronics,1,30,400,31,5,40
2025-12-28,ITM-009,Furniture,12,105,450,8,7,40
2025-12-28,ITM-007,Accessories,6,135,25,1,5,40
2025-12-28,ITM-006,Accessories,8,25,40,33,3,40
2025-12-29,ITM-008,Electronics,5,117,300,23,3,40
2025-12-29,ITM-004,Furniture,5,73,45,16,5,40
2025-12-29,ITM-003,Furniture,11,145,150,9,4,40
2025-12-29,ITM-002,Electronics,2,93,800,49,3,40
2025-12-29,ITM-005,Accessories,8,127,90,6,5,40
2025-12-29,ITM-010,Electronics,7,77,200,3,5,40
2025-12-29,ITM-001,Electronics,5,57,400,31,7,40
2025-12-29,ITM-009,Furniture,1,64,450,8,4,40
2025-12-29,ITM-007,Accessories,6,15,25,1,6,40
2025-12-29,ITM-006,Accessories,1,40,40,33,6,40
2025-12-30,ITM-004,Furniture,6,29,45,16,3,40
2025-12-30,ITM-003,Furniture,14,106,150,9,4,40
2025-12-30,ITM-002,Electronics,6,36,800,49,5,40
2025-12-30,ITM-005,Accessories,11,12,90,6,5,40
2025-12-30,ITM-010,Electronics,19,39,200,3,4,40
2025-12-30,ITM-001,Electronics,3,145,400,31,5,40
2025-12-30,ITM-007,Accessories,5,17,25,1,4,40
2025-12-30,ITM-006,Accessories,15,108,40,33,7,40
2025-12-31,ITM-003,Furniture,7,26,150,9,7,40
2025-12-31,ITM-002,Electronics,4,134,800,49,5,40
2025-12-31,ITM-005,Accessories,4,75,90,6,6,40
2025-12-31,ITM-010,Electronics,3,42,200,3,4,40
2025-12-31,ITM-001,Electronics,4,32,400,31,7,40
2025-12-31,ITM-009,Furniture,9,11,450,8,3,40
2025-12-31,ITM-007,Accessories,1,128,25,1,5,40
2025-12-31,ITM-006,Accessories,7,145,40,33,4,40
2026-01-01,ITM-008,Electronics,10,119,300,23,3,40
2026-01-01,ITM-004,Furniture,9,39,45,16,7,40
2026-01-01,ITM-003,Furniture,6,146,150,9,7,40
2026-01-01,ITM-002,Electronics,10,109,800,49,7,40
2026-01-01,ITM-005,Accessories,5,32,90,6,7,40
2026-01-01,ITM-010,Electronics,11,11,200,3,4,40
2026-01-01,ITM-001,Electronics,9,63,400,31,5,40
2026-01-01,ITM-009,Furniture,3,143,450,8,3,40
2026-01-01,ITM-007,Accessories,10,18,25,1,6,40
2026-01-01,ITM-006,Accessories,4,12,40,33,3,40
2026-01-02,ITM-004,Furniture,8,75,45,16,5,40
2026-01-02,ITM-003,Furniture,19,32,150,9,5,40
2026-01-02,ITM-005,Accessories,9,129,90,6,5,40
2026-01-02,ITM-010,Electronics,9,25,200,3,4,40
2026-01-02,ITM-001,Electronics,11,137,400,31,6,40
2026-01-02,ITM-009,Furniture,6,52,450,8,4,40
2026-01-02,ITM-007,Accessories,10,135,25,1,5,40
2026-01-02,ITM-006,Accessories,3,68,40,33,4,40
2026-01-03,ITM-008,Electronics,5,50,300,23,6,40
2026-01-03,ITM-004,Furniture,5,115,45,16,5,40
2026-01-03,ITM-003,Furniture,1,111,150,9,5,40
2026-01-03,ITM-002,Electronics,7,106,800,49,6,40
2026-01-03,ITM-010,Electronics,5,126,200,3,5,40
2026-01-03,ITM-001,Electronics,3,134,400,31,3,40
2026-01-03,ITM-007,Accessories,4,124,25,1,5,40
2026-01-03,ITM-006,Accessories,10,26,40,33,7,40
2026-01-04,ITM-008,Electronics,10,18,300,23,4,40
2026-01-04,ITM-004,Furniture,2,98,45,16,3,40
2026-01-04,ITM-003,Furniture,1,77,150,9,3,40
2026-01-04,ITM-002,Electronics,4,14,800,49,5,40
2026-01-04,ITM-010,Electronics,2,54,200,3,7,40
2026-01-04,ITM-001,Electronics,4,116,400,31,7,40
2026-01-04,ITM-009,Furniture,7,44,450,8,7,40
2026-01-04,ITM-007,Accessories,6,18,25,1,6,40
2026-01-04,ITM-006,Accessories,1,14,40,33,7,40
2026-01-05,ITM-008,Electronics,2,59,300,23,7,40
2026-01-05,ITM-004,Furniture,9,36,45,16,4,40
2026-01-05,ITM-003,Furniture,8,23,150,9,3,40
2026-01-05,ITM-010,Electronics,3,125,200,3,3,40
2026-01-05,ITM-001,Electronics,10,83,400,31,7,40
2026-01-05,ITM-009,Furniture,6,145,450,8,5,40
2026-01-05,ITM-007,Accessories,1,98,25,1,3,40
2026-01-06,ITM-008,Electronics,3,80,300,23,4,40
2026-01-06,ITM-004,Furniture,9,18,45,16,3,40
2026-01-06,ITM-003,Furniture,1,43,150,9,6,40
2026-01-06,ITM-002,Electronics,3,11,800,49,4,40
2026-01-06,ITM-005,Accessories,6,19,90,6,6,40
2026-01-06,ITM-010,Electronics,13,110,200,3,3,40
2026-01-06,ITM-001,Electronics,7,143,400,31,4,40
2026-01-06,ITM-006,Accessories,2,13,40,33,5,40
2026-01-07,ITM-008,Electronics,4,37,300,23,5,40
2026-01-07,ITM-004,Furniture,1,54,45,16,3,40
2026-01-07,ITM-003,Furniture,1,138,150,9,5,40
2026-01-07,ITM-002,Electronics,6,80,800,49,3,40
2026-01-07,ITM-005,Accessories,5,122,90,6,3,40
2026-01-07,ITM-010,Electronics,8,38,200,3,5,40
2026-01-07,ITM-001,Electronics,6,69,400,31,3,40
2026-01-07,ITM-009,Furniture,10,88,450,8,4,40
2026-01-07,ITM-007,Accessories,4,139,25,1,4,40
2026-01-07,ITM-006,Accessories,3,46,40,33,7,40
2026-01-08,ITM-008,Electronics,4,116,300,23,7,40
2026-01-08,ITM-004,Furniture,6,23,45,16,4,40
2026-01-08,ITM-003,Furniture,2,76,150,9,7,40
2026-01-08,ITM-005,Accessories,5,136,90,6,3,40
2026-01-08,ITM-010,Electronics,3,57,200,3,7,40
2026-01-08,ITM-007,Accessories,1,53,25,1,6,40
2026-01-08,ITM-006,Accessories,5,38,40,33,6,40
2026-01-09,ITM-008,Electronics,2,29,300,23,6,40
2026-01-09,ITM-004,Furniture,1,83,45,16,4,40
2026-01-09,ITM-003,Furniture,6,78,150,9,6,40
2026-01-09,ITM-002,Electronics,5,100,800,49,7,40
2026-01-09,ITM-005,Accessories,5,49,90,6,5,40
2026-01-09,ITM-009,Furniture,1,141,450,8,3,40
2026-01-09,ITM-007,Accessories,7,138,25,1,7,40
2026-01-09,ITM-006,Accessories,5,41,40,33,4,40
2026-01-10,ITM-008,Electronics,8,116,300,23,7,40
2026-01-10,ITM-004,Furniture,5,37,45,16,3,40
2026-01-10,ITM-003,Furniture,7,142,150,9,3,40
2026-01-10,ITM-005,Accessories,5,17,90,6,6,40
2026-01-10,ITM-010,Electronics,7,46,200,3,4,40
2026-01-10,ITM-001,Electronics,4,89,400,31,3,40
2026-01-10,ITM-009,Furniture,8,100,450,8,6,40
2026-01-10,ITM-007,Accessories,6,105,25,1,4,40
2026-01-10,ITM-006,Accessories,2,63,40,33,4,40
2026-01-11,ITM-004,Furniture,5,61,45,16,5,40
2026-01-11,ITM-010,Electronics,1,46,200,3,5,40
2026-01-11,ITM-007,Accessories,2,81,25,1,5,40
2026-01-12,ITM-008,Electronics,4,11,300,23,5,40
2026-01-12,ITM-004,Furniture,5,149,45,16,3,40
2026-01-12,ITM-003,Furniture,1,97,150,9,4,40
2026-01-12,ITM-005,Accessories,5,30,90,6,6,40
2026-01-12,ITM-001,Electronics,2,66,400,31,3,40
2026-01-12,ITM-009,Furniture,2,139,450,8,3,40
2026-01-12,ITM-007,Accessories,1,94,25,1,3,40
2026-01-12,ITM-006,Accessories,5,105,40,33,6,40
2026-01-13,ITM-008,Electronics,7,69,300,23,6,40
2026-01-13,ITM-004,Furniture,4,26,45,16,6,40
2026-01-13,ITM-003,Furniture,8,140,150,9,5,40
2026-01-13,ITM-002,Electronics,3,55,800,49,7,40
2026-01-13,ITM-005,Accessories,8,141,90,6,3,40
2026-01-13,ITM-010,Electronics,2,149,200,3,6,40
2026-01-13,ITM-001,Electronics,10,130,400,31,6,40
2026-01-13,ITM-007,Accessories,11,92,25,1,7,40
2026-01-13,ITM-006,Accessories,3,32,40,33,3,40
2026-01-14,ITM-008,Electronics,10,134,300,23,5,40
2026-01-14,ITM-004,Furniture,1,27,45,16,7,40
2026-01-14,ITM-003,Furniture,6,107,150,9,4,40
2026-01-14,ITM-002,Electronics,2,10,800,49,7,40
2026-01-14,ITM-005,Accessories,12,62,90,6,7,40
2026-01-14,ITM-010,Electronics,6,127,200,3,3,40
2026-01-14,ITM-001,Electronics,2,138,400,31,5,40
2026-01-14,ITM-009,Furniture,9,75,450,8,7,40
2026-01-14,ITM-007,Accessories,18,10,25,1,3,40
2026-01-14,ITM-006,Accessories,4,53,40,33,7,40
2026-01-15,ITM-008,Electronics,8,53,300,23,3,40
2026-01-15,ITM-004,Furniture,3,118,45,16,5,40
2026-01-15,ITM-003,Furniture,2,78,150,9,6,40
2026-01-15,ITM-002,Electronics,4,107,800,49,7,40
2026-01-15,ITM-005,Accessories,4,121,90,6,3,40
2026-01-15,ITM-001,Electronics,5,74,400,31,3,40
2026-01-15,ITM-009,Furniture,4,60,450,8,7,40
2026-01-15,ITM-007,Accessories,10,65,25,1,6,40
2026-01-16,ITM-008,Electronics,5,123,300,23,5,40
2026-01-16,ITM-004,Furniture,11,23,45,16,4,40
2026-01-16,ITM-003,Furniture,3,81,150,9,3,40
2026-01-16,ITM-002,Electronics,13,134,800,49,7,40
2026-01-16,ITM-005,Accessories,9,116,90,6,7,40
2026-01-16,ITM-010,Electronics,1,56,200,3,7,40
2026-01-16,ITM-001,Electronics,5,118,400,31,7,40
2026-01-16,ITM-009,Furniture,7,41,450,8,5,40
2026-01-16,ITM-007,Accessories,7,58,25,1,5,40
2026-01-16,ITM-006,Accessories,3,90,40,33,5,40
2026-01-17,ITM-003,Furniture,6,22,150,9,6,40
2026-01-17,ITM-002,Electronics,8,116,800,49,5,40
2026-01-17,ITM-005,Accessories,6,74,90,6,3,40
2026-01-17,ITM-010,Electronics,1,82,200,3,5,40
2026-01-17,ITM-001,Electronics,4,77,400,31,6,40
2026-01-17,ITM-009,Furniture,5,120,450,8,3,40
2026-01-18,ITM-008,Electronics,2,131,300,23,7,40
2026-01-18,ITM-004,Furniture,9,134,45,16,5,40
2026-01-18,ITM-003,Furniture,4,60,150,9,5,40
2026-01-18,ITM-002,Electronics,9,142,800,49,4,40
2026-01-18,ITM-005,Accessories,10,139,90,6,7,40
2026-01-18,ITM-009,Furniture,13,75,450,8,4,40
2026-01-18,ITM-007,Accessories,2,134,25,1,4,40
2026-01-19,ITM-008,Electronics,5,98,300,23,6,40
2026-01-19,ITM-004,Furniture,3,128,45,16,6,40
2026-01-19,ITM-003,Furniture,5,58,150,9,4,40
2026-01-19,ITM-005,Accessories,9,27,90,6,3,40
2026-01-19,ITM-010,Electronics,2,82,200,3,6,40
2026-01-19,ITM-007,Accessories,5,21,25,1,7,40
2026-01-20,ITM-008,Electronics,10,114,300,23,4,40
2026-01-20,ITM-004,Furniture,2,42,45,16,5,40
2026-01-20,ITM-003,Furniture,2,19,150,9,6,40
2026-01-20,ITM-002,Electronics,3,119,800,49,5,40
2026-01-20,ITM-010,Electronics,5,39,200,3,6,40
2026-01-20,ITM-001,Electronics,3,74,400,31,4,40
2026-01-20,ITM-009,Furniture,6,70,450,8,5,40
2026-01-20,ITM-006,Accessories,9,105,40,33,6,40
2026-01-21,ITM-008,Electronics,22,142,300,23,6,40
2026-01-21,ITM-004,Furniture,11,70,45,16,4,40
2026-01-21,ITM-003,Furniture,10,17,150,9,7,40
2026-01-21,ITM-002,Electronics,1,70,800,49,7,40
2026-01-21,ITM-005,Accessories,8,58,90,6,3,40
2026-01-21,ITM-001,Electronics,4,81,400,31,3,40
2026-01-21,ITM-009,Furniture,4,94,450,8,7,40
2026-01-21,ITM-007,Accessories,3,23,25,1,6,40
2026-01-21,ITM-006,Accessories,5,11,40,33,4,40
2026-01-22,ITM-008,Electronics,11,68,300,23,5,40
2026-01-22,ITM-004,Furniture,4,99,45,16,5,40
2026-01-22,ITM-002,Electronics,12,56,800,49,3,40
2026-01-22,ITM-005,Accessories,9,65,90,6,7,40
2026-01-22,ITM-010,Electronics,4,86,200,3,5,40
2026-01-22,ITM-001,Electronics,2,136,400,31,3,40
2026-01-22,ITM-009,Furniture,4,22,450,8,6,40
2026-01-22,ITM-007,Accessories,8,132,25,1,4,40
2026-01-22,ITM-006,Accessories,7,36,40,33,4,40
2026-01-23,ITM-008,Electronics,10,144,300,23,6,40
2026-01-23,ITM-003,Furniture,7,97,150,9,3,40
2026-01-23,ITM-002,Electronics,1,49,800,49,3,40
2026-01-23,ITM-005,Accessories,6,20,90,6,7,40
2026-01-23,ITM-010,Electronics,6,19,200,3,5,40
2026-01-23,ITM-001,Electronics,2,40,400,31,6,40
2026-01-23,ITM-009,Furniture,12,125,450,8,4,40
2026-01-23,ITM-007,Accessories,5,98,25,1,4,40
2026-01-23,ITM-006,Accessories,19,21,40,33,4,40
2026-01-24,ITM-008,Electronics,10,18,300,23,3,40
2026-01-24,ITM-004,Furniture,12,25,45,16,7,40
2026-01-24,ITM-003,Furniture,10,96,150,9,4,40
2026-01-24,ITM-002,Electronics,1,148,800,49,4,40
2026-01-24,ITM-005,Accessories,4,48,90,6,3,40
2026-01-24,ITM-010,Electronics,5,142,200,3,7,40
2026-01-24,ITM-001,Electronics,7,141,400,31,7,40
2026-01-24,ITM-009,Furniture,7,107,450,8,3,40
2026-01-24,ITM-007,Accessories,4,101,25,1,4,40
2026-01-24,ITM-006,Accessories,6,53,40,33,4,40
2026-01-25,ITM-004,Furniture,2,146,45,16,7,40
2026-01-25,ITM-003,Furniture,7,130,150,9,6,40
2026-01-25,ITM-005,Accessories,2,62,90,6,7,40
2026-01-25,ITM-010,Electronics,5,87,200,3,4,40
2026-01-25,ITM-001,Electronics,2,52,400,31,4,40
2026-01-25,ITM-009,Furniture,4,146,450,8,6,40
2026-01-25,ITM-007,Accessories,11,72,25,1,7,40
2026-01-26,ITM-010,Electronics,2,96,200,3,6,40
2026-01-26,ITM-007,Accessories,5,136,25,1,6,40
2026-01-27,ITM-008,Electronics,6,94,300,23,3,40
2026-01-27,ITM-003,Furniture,4,57,150,9,4,40
2026-01-27,ITM-002,Electronics,9,39,800,49,4,40
2026-01-27,ITM-005,Accessories,8,126,90,6,6,40
2026-01-27,ITM-010,Electronics,3,39,200,3,7,40
2026-01-27,ITM-001,Electronics,10,82,400,31,4,40
2026-01-27,ITM-009,Furniture,7,111,450,8,7,40
2026-01-27,ITM-007,Accessories,2,14,25,1,4,40
2026-01-28,ITM-008,Electronics,14,74,300,23,7,40
2026-01-28,ITM-004,Furniture,2,138,45,16,7,40
2026-01-28,ITM-002,Electronics,7,137,800,49,6,40
2026-01-28,ITM-005,Accessories,10,128,90,6,5,40
2026-01-28,ITM-001,Electronics,1,143,400,31,3,40
2026-01-28,ITM-009,Furniture,7,60,450,8,3,40
2026-01-28,ITM-007,Accessories,1,80,25,1,7,40
2026-01-28,ITM-006,Accessories,4,103,40,33,7,40
2026-01-29,ITM-008,Electronics,12,41,300,23,4,40
2026-01-29,ITM-004,Furniture,4,27,45,16,4,40
2026-01-29,ITM-003,Furniture,8,133,150,9,3,40
2026-01-29,ITM-002,Electronics,5,107,800,49,7,40
2026-01-29,ITM-010,Electronics,6,65,200,3,5,40
2026-01-29,ITM-001,Electronics,13,97,400,31,4,40
2026-01-29,ITM-009,Furniture,1,144,450,8,3,40
2026-01-29,ITM-007,Accessories,4,13,25,1,7,40
2026-01-29,ITM-006,Accessories,12,122,40,33,5,40
2026-01-30,ITM-004,Furniture,3,148,45,16,7,40
2026-01-30,ITM-003,Furniture,2,136,150,9,3,40
2026-01-30,ITM-005,Accessories,4,106,90,6,4,40
2026-01-30,ITM-010,Electronics,4,31,200,3,4,40
2026-01-30,ITM-007,Accessories,3,15,25,1,4,40
2026-01-30,ITM-006,Accessories,3,82,40,33,4,40
2026-01-31,ITM-008,Electronics,5,83,300,23,5,40
2026-01-31,ITM-010,Electronics,1,79,200,3,5,40
2026-01-31,ITM-001,Electronics,1,141,400,31,5,40
2026-01-31,ITM-009,Furniture,2,47,450,8,4,40
2026-01-31,ITM-007,Accessories,5,95,25,1,6,40
2026-02-01,ITM-008,Electronics,5,120,300,23,3,40
2026-02-01,ITM-003,Furniture,9,104,150,9,3,40
2026-02-01,ITM-002,Electronics,4,110,800,49,3,40
2026-02-01,ITM-010,Electronics,3,59,200,3,4,40
2026-02-01,ITM-001,Electronics,3,53,400,31,3,40
2026-02-01,ITM-009,Furniture,1,113,450,8,6,40
2026-02-01,ITM-006,Accessories,9,103,40,33,6,40
2026-02-02,ITM-008,Electronics,12,74,300,23,6,40
2026-02-02,ITM-004,Furniture,3,104,45,16,5,40
2026-02-02,ITM-003,Furniture,4,92,150,9,5,40
2026-02-02,ITM-005,Accessories,1,92,90,6,5,40
2026-02-02,ITM-010,Electronics,11,89,200,3,6,40
2026-02-02,ITM-001,Electronics,3,82,400,31,7,40
2026-02-02,ITM-007,Accessories,2,69,25,1,3,40
2026-02-03,ITM-008,Electronics,18,77,300,23,5,40
2026-02-03,ITM-004,Furniture,3,144,45,16,3,40
2026-02-03,ITM-003,Furniture,4,71,150,9,6,40
2026-02-03,ITM-002,Electronics,2,40,800,49,4,40
2026-02-03,ITM-005,Accessories,12,90,90,6,4,40
2026-02-03,ITM-010,Electronics,17,62,200,3,6,40
2026-02-03,ITM-009,Furniture,11,52,450,8,6,40
2026-02-03,ITM-007,Accessories,8,23,25,1,3,40
2026-02-03,ITM-006,Accessories,8,128,40,33,7,40
2026-02-04,ITM-008,Electronics,5,49,300,23,3,40
2026-02-04,ITM-004,Furniture,23,53,45,16,6,40
2026-02-04,ITM-002,Electronics,3,11,800,49,5,40
2026-02-04,ITM-005,Accessories,4,141,90,6,3,40
2026-02-04,ITM-010,Electronics,5,54,200,3,4,40
2026-02-04,ITM-001,Electronics,8,35,400,31,4,40
2026-02-04,ITM-007,Accessories,5,112,25,1,4,40
2026-02-05,ITM-008,Electronics,17,53,300,23,3,40
2026-02-05,ITM-004,Furniture,10,104,45,16,6,40
2026-02-05,ITM-003,Furniture,12,36,150,9,4,40
2026-02-05,ITM-002,Electronics,3,127,800,49,5,40
2026-02-05,ITM-005,Accessories,19,66,90,6,7,40
2026-02-05,ITM-010,Electronics,10,47,200,3,4,40
2026-02-05,ITM-001,Electronics,8,111,400,31,6,40
2026-02-05,ITM-009,Furniture,9,10,450,8,4,40
2026-02-05,ITM-007,Accessories,6,110,25,1,7,40
2026-02-05,ITM-006,Accessories,4,147,40,33,7,40
2026-02-06,ITM-004,Furniture,9,142,45,16,3,40
2026-02-06,ITM-003,Furniture,6,14,150,9,5,40
2026-02-06,ITM-002,Electronics,3,10,800,49,5,40
2026-02-06,ITM-005,Accessories,3,16,90,6,7,40
2026-02-06,ITM-010,Electronics,9,122,200,3,6,40
2026-02-06,ITM-001,Electronics,3,70,400,31,7,40
2026-02-06,ITM-007,Accessories,10,69,25,1,5,40
2026-02-06,ITM-006,Accessories,7,106,40,33,3,40
2026-02-07,ITM-008,Electronics,18,39,300,23,5,40
2026-02-07,ITM-004,Furniture,11,55,45,16,5,40
2026-02-07,ITM-003,Furniture,5,81,150,9,6,40
2026-02-07,ITM-002,Electronics,8,137,800,49,4,40
2026-02-07,ITM-005,Accessories,4,91,90,6,5,40
2026-02-07,ITM-001,Electronics,2,111,400,31,6,40
2026-02-07,ITM-007,Accessories,1,101,25,1,3,40
2026-02-07,ITM-006,Accessories,9,78,40,33,4,40
2026-02-08,ITM-008,Electronics,5,130,300,23,5,40
2026-02-08,ITM-003,Furniture,5,115,150,9,6,40
2026-02-08,ITM-007,Accessories,3,83,25,1,4,40
2026-02-09,ITM-008,Electronics,9,69,300,23,3,40
2026-02-09,ITM-004,Furniture,2,100,45,16,3,40
2026-02-09,ITM-002,Electronics,8,61,800,49,5,40
2026-02-09,ITM-005,Accessories,8,102,90,6,5,40
2026-02-09,ITM-001,Electronics,15,60,400,31,7,40
2026-02-09,ITM-006,Accessories,6,128,40,33,7,40
2026-02-10,ITM-008,Electronics,12,39,300,23,6,40
2026-02-10,ITM-004,Furniture,5,71,45,16,6,40
2026-02-10,ITM-003,Furniture,2,60,150,9,7,40
2026-02-10,ITM-002,Electronics,2,105,800,49,4,40
2026-02-10,ITM-005,Accessories,9,138,90,6,3,40
2026-02-10,ITM-010,Electronics,4,19,200,3,6,40
2026-02-10,ITM-001,Electronics,9,30,400,31,6,40
2026-02-10,ITM-009,Furniture,4,148,450,8,4,40
2026-02-10,ITM-007,Accessories,3,134,25,1,5,40
2026-02-10,ITM-006,Accessories,1,120,40,33,4,40
2026-02-11,ITM-008,Electronics,3,50,300,23,4,40
2026-02-11,ITM-003,Furniture,2,49,150,9,4,40
2026-02-11,ITM-005,Accessories,2,33,90,6,5,40
2026-02-11,ITM-010,Electronics,5,58,200,3,5,40
2026-02-11,ITM-001,Electronics,9,46,400,31,4,40
2026-02-11,ITM-009,Furniture,13,117,450,8,7,40
2026-02-11,ITM-006,Accessories,3,143,40,33,4,40
2026-02-12,ITM-008,Electronics,10,138,300,23,6,40
2026-02-12,ITM-004,Furniture,7,29,45,16,6,40
2026-02-12,ITM-002,Electronics,1,103,800,49,3,40
2026-02-12,ITM-005,Accessories,1,66,90,6,4,40
2026-02-12,ITM-010,Electronics,6,127,200,3,3,40
2026-02-12,ITM-001,Electronics,4,31,400,31,4,40
2026-02-12,ITM-009,Furniture,9,13,450,8,5,40
2026-02-13,ITM-008,Electronics,5,137,300,23,3,40
2026-02-13,ITM-004,Furniture,21,86,45,16,4,40
2026-02-13,ITM-002,Electronics,5,51,800,49,5,40
2026-02-13,ITM-005,Accessories,3,31,90,6,3,40
2026-02-13,ITM-010,Electronics,5,21,200,3,3,40
2026-02-13,ITM-001,Electronics,11,113,400,31,7,40
2026-02-13,ITM-009,Furniture,8,52,450,8,5,40
2026-02-13,ITM-007,Accessories,9,71,25,1,7,40
2026-02-13,ITM-006,Accessories,20,132,40,33,7,40
2026-02-14,ITM-004,Furniture,8,143,45,16,3,40
2026-02-14,ITM-002,Electronics,7,84,800,49,4,40
2026-02-14,ITM-010,Electronics,8,132,200,3,3,40
2026-02-14,ITM-001,Electronics,3,65,400,31,3,40
2026-02-14,ITM-009,Furniture,10,144,450,8,7,40
2026-02-14,ITM-007,Accessories,7,114,25,1,7,40
2026-02-14,ITM-006,Accessories,3,115,40,33,4,40
2026-02-15,ITM-008,Electronics,10,147,300,23,5,40
2026-02-15,ITM-004,Furniture,6,113,45,16,4,40
2026-02-15,ITM-003,Furniture,5,31,150,9,7,40
2026-02-15,ITM-005,Accessories,2,54,90,6,4,40
2026-02-15,ITM-010,Electronics,4,60,200,3,6,40
2026-02-15,ITM-007,Accessories,4,52,25,1,5,40
2026-02-16,ITM-004,Furniture,5,87,45,16,6,40
2026-02-16,ITM-003,Furniture,3,67,150,9,5,40
2026-02-16,ITM-002,Electronics,2,134,800,49,7,40
2026-02-16,ITM-005,Accessories,9,132,90,6,3,40
2026-02-16,ITM-001,Electronics,6,42,400,31,3,40
2026-02-16,ITM-007,Accessories,4,130,25,1,7,40
2026-02-16,ITM-006,Accessories,6,143,40,33,5,40
2026-02-17,ITM-004,Furniture,4,76,45,16,4,40
2026-02-17,ITM-003,Furniture,3,130,150,9,3,40
2026-02-17,ITM-001,Electronics,3,44,400,31,3,40
2026-02-17,ITM-009,Furniture,4,24,450,8,6,40
2026-02-18,ITM-008,Electronics,3,20,300,23,3,40
2026-02-18,ITM-004,Furniture,2,55,45,16,3,40
2026-02-18,ITM-003,Furniture,10,43,150,9,3,40
2026-02-18,ITM-002,Electronics,4,102,800,49,4,40
2026-02-18,ITM-005,Accessories,10,146,90,6,6,40
2026-02-18,ITM-010,Electronics,10,117,200,3,6,40
2026-02-18,ITM-001,Electronics,8,25,400,31,4,40
2026-02-18,ITM-009,Furniture,5,81,450,8,6,40
2026-02-18,ITM-007,Accessories,2,51,25,1,6,40
2026-02-19,ITM-008,Electronics,4,68,300,23,3,40
2026-02-19,ITM-003,Furniture,2,130,150,9,5,40
2026-02-19,ITM-002,Electronics,9,18,800,49,3,40
2026-02-19,ITM-010,Electronics,2,64,200,3,3,40
2026-02-19,ITM-001,Electronics,3,143,400,31,5,40
2026-02-19,ITM-009,Furniture,4,26,450,8,6,40
2026-02-19,ITM-007,Accessories,6,41,25,1,6,40
2026-02-19,ITM-006,Accessories,9,25,40,33,3,40
2026-02-20,ITM-008,Electronics,6,113,300,23,3,40
2026-02-20,ITM-004,Furniture,2,64,45,16,4,40
2026-02-20,ITM-003,Furniture,9,113,150,9,6,40
2026-02-20,ITM-002,Electronics,6,65,800,49,6,40
2026-02-20,ITM-010,Electronics,7,79,200,3,6,40
2026-02-20,ITM-001,Electronics,7,105,400,31,7,40
2026-02-20,ITM-009,Furniture,3,46,450,8,5,40
2026-02-20,ITM-007,Accessories,1,79,25,1,5,40
2026-02-20,ITM-006,Accessories,14,134,40,33,7,40
2026-02-21,ITM-008,Electronics,7,25,300,23,7,40
2026-02-21,ITM-004,Furniture,2,46,45,16,6,40
2026-02-21,ITM-003,Furniture,9,98,150,9,7,40
2026-02-21,ITM-002,Electronics,4,51,800,49,3,40
2026-02-21,ITM-005,Accessories,4,10,90,6,5,40
2026-02-21,ITM-010,Electronics,2,81,200,3,6,40
2026-02-21,ITM-001,Electronics,6,40,400,31,7,40
2026-02-21,ITM-009,Furniture,7,31,450,8,4,40
2026-02-21,ITM-007,Accessories,3,89,25,1,5,40
2026-02-21,ITM-006,Accessories,7,70,40,33,5,40
2026-02-22,ITM-008,Electronics,4,79,300,23,3,40
2026-02-22,ITM-003,Furniture,5,89,150,9,7,40
2026-02-22,ITM-005,Accessories,5,79,90,6,7,40
2026-02-22,ITM-001,Electronics,4,20,400,31,4,40
2026-02-22,ITM-007,Accessories,6,16,25,1,4,40
2026-02-22,ITM-006,Accessories,3,32,40,33,7,40
2026-02-23,ITM-008,Electronics,6,58,300,23,6,40
2026-02-23,ITM-004,Furniture,3,50,45,16,5,40
2026-02-23,ITM-003,Furniture,8,101,150,9,6,40
2026-02-23,ITM-002,Electronics,3,106,800,49,4,40
2026-02-23,ITM-005,Accessories,4,12,90,6,7,40
2026-02-23,ITM-010,Electronics,5,129,200,3,5,40
2026-02-23,ITM-001,Electronics,4,106,400,31,6,40
2026-02-23,ITM-009,Furniture,2,97,450,8,5,40
2026-02-23,ITM-007,Accessories,6,97,25,1,7,40
2026-02-23,ITM-006,Accessories,1,41,40,33,6,40
2026-02-24,ITM-008,Electronics,4,53,300,23,6,40
2026-02-24,ITM-004,Furniture,7,132,45,16,7,40
2026-02-24,ITM-003,Furniture,3,48,150,9,7,40
2026-02-24,ITM-002,Electronics,11,48,800,49,3,40
2026-02-24,ITM-005,Accessories,9,134,90,6,7,40
2026-02-24,ITM-010,Electronics,5,138,200,3,3,40
2026-02-24,ITM-001,Electronics,7,71,400,31,6,40
2026-02-24,ITM-007,Accessories,1,147,25,1,7,40
2026-02-24,ITM-006,Accessories,6,72,40,33,5,40
2026-02-25,ITM-008,Electronics,5,38,300,23,6,40
2026-02-25,ITM-004,Furniture,5,33,45,16,3,40
2026-02-25,ITM-003,Furniture,3,53,150,9,3,40
2026-02-25,ITM-002,Electronics,2,86,800,49,6,40
2026-02-25,ITM-005,Accessories,2,73,90,6,4,40
2026-02-25,ITM-010,Electronics,9,22,200,3,6,40
2026-02-25,ITM-001,Electronics,3,47,400,31,7,40
2026-02-25,ITM-009,Furniture,16,147,450,8,5,40
2026-02-25,ITM-007,Accessories,14,29,25,1,6,40
2026-02-25,ITM-006,Accessories,1,64,40,33,7,40
2026-02-26,ITM-008,Electronics,4,38,300,23,7,40
2026-02-26,ITM-004,Furniture,5,76,45,16,4,40
2026-02-26,ITM-003,Furniture,8,140,150,9,3,40
2026-02-26,ITM-002,Electronics,9,70,800,49,3,40
2026-02-26,ITM-005,Accessories,1,58,90,6,3,40
2026-02-26,ITM-010,Electronics,4,18,200,3,3,40
2026-02-26,ITM-001,Electronics,7,67,400,31,6,40
2026-02-26,ITM-009,Furniture,10,19,450,8,3,40
2026-02-26,ITM-007,Accessories,4,32,25,1,6,40
2026-02-26,ITM-006,Accessories,14,101,40,33,3,40
2026-02-27,ITM-008,Electronics,6,117,300,23,5,40
2026-02-27,ITM-004,Furniture,4,15,45,16,6,40
2026-02-27,ITM-003,Furniture,1,143,150,9,5,40
2026-02-27,ITM-010,Electronics,13,59,200,3,4,40
2026-02-27,ITM-001,Electronics,17,32,400,31,4,40
2026-02-27,ITM-009,Furniture,13,88,450,8,4,40
2026-02-27,ITM-007,Accessories,11,13,25,1,5,40
2026-02-27,ITM-006,Accessories,10,65,40,33,4,40
2026-02-28,ITM-008,Electronics,17,20,300,23,7,40
2026-02-28,ITM-004,Furniture,6,126,45,16,5,40
2026-02-28,ITM-003,Furniture,13,86,150,9,3,40
2026-02-28,ITM-002,Electronics,8,84,800,49,6,40
2026-02-28,ITM-005,Accessories,14,35,90,6,6,40
2026-02-28,ITM-010,Electronics,5,72,200,3,7,40
2026-02-28,ITM-001,Electronics,3,139,400,31,4,40
2026-02-28,ITM-009,Furniture,12,53,450,8,6,40
2026-02-28,ITM-007,Accessories,8,41,25,1,7,40
2026-02-28,ITM-006,Accessories,15,34,40,33,3,40
2026-03-01,ITM-008,Electronics,9,76,300,23,3,40
2026-03-01,ITM-004,Furniture,4,111,45,16,7,40
2026-03-01,ITM-003,Furniture,7,130,150,9,4,40
2026-03-01,ITM-002,Electronics,5,44,800,49,4,40
2026-03-01,ITM-005,Accessories,18,71,90,6,6,40
2026-03-01,ITM-010,Electronics,5,34,200,3,3,40
2026-03-01,ITM-001,Electronics,3,21,400,31,4,40
2026-03-01,ITM-009,Furniture,6,15,450,8,7,40
2026-03-01,ITM-006,Accessories,5,87,40,33,4,40
2026-03-02,ITM-008,Electronics,2,107,300,23,4,40
2026-03-02,ITM-003,Furniture,8,48,150,9,4,40
2026-03-02,ITM-002,Electronics,11,82,800,49,5,40
2026-03-02,ITM-005,Accessories,6,126,90,6,3,40
2026-03-02,ITM-010,Electronics,5,20,200,3,7,40
2026-03-02,ITM-001,Electronics,10,127,400,31,5,40
2026-03-02,ITM-007,Accessories,2,111,25,1,5,40
2026-03-03,ITM-004,Furniture,3,104,45,16,3,40
2026-03-03,ITM-002,Electronics,1,129,800,49,5,40
2026-03-03,ITM-009,Furniture,1,26,450,8,4,40
2026-03-03,ITM-006,Accessories,4,23,40,33,6,40
2026-03-04,ITM-008,Electronics,5,137,300,23,5,40
2026-03-04,ITM-003,Furniture,5,104,150,9,3,40
2026-03-04,ITM-010,Electronics,4,53,200,3,4,40
2026-03-04,ITM-001,Electronics,10,56,400,31,6,40
2026-03-04,ITM-007,Accessories,1,36,25,1,6,40
2026-03-05,ITM-008,Electronics,8,68,300,23,3,40
2026-03-05,ITM-004,Furniture,8,69,45,16,6,40
2026-03-05,ITM-003,Furniture,12,40,150,9,3,40
2026-03-05,ITM-001,Electronics,8,26,400,31,4,40
2026-03-05,ITM-009,Furniture,2,112,450,8,5,40
2026-03-05,ITM-007,Accessories,9,109,25,1,6,40
2026-03-05,ITM-006,Accessories,3,141,40,33,4,40
2026-03-06,ITM-008,Electronics,2,103,300,23,6,40
2026-03-06,ITM-004,Furniture,10,86,45,16,5,40
2026-03-06,ITM-003,Furniture,6,116,150,9,5,40
2026-03-06,ITM-005,Accessories,4,116,90,6,7,40
2026-03-06,ITM-010,Electronics,3,121,200,3,5,40
2026-03-06,ITM-001,Electronics,6,74,400,31,6,40
2026-03-06,ITM-009,Furniture,3,41,450,8,7,40
2026-03-07,ITM-008,Electronics,10,80,300,23,3,40
2026-03-07,ITM-004,Furniture,2,71,45,16,6,40
2026-03-07,ITM-003,Furniture,4,17,150,9,4,40
2026-03-07,ITM-002,Electronics,6,145,800,49,5,40
2026-03-07,ITM-005,Accessories,1,20,90,6,7,40
2026-03-07,ITM-010,Electronics,12,96,200,3,6,40
2026-03-07,ITM-001,Electronics,13,49,400,31,3,40
2026-03-07,ITM-009,Furniture,3,117,450,8,6,40
2026-03-07,ITM-007,Accessories,8,106,25,1,7,40
2026-03-08,ITM-008,Electronics,13,35,300,23,5,40
2026-03-08,ITM-004,Furniture,3,96,45,16,3,40
2026-03-08,ITM-003,Furniture,4,119,150,9,6,40
2026-03-08,ITM-002,Electronics,2,12,800,49,5,40
2026-03-08,ITM-005,Accessories,9,21,90,6,4,40
2026-03-08,ITM-007,Accessories,4,11,25,1,6,40
2026-03-08,ITM-006,Accessories,5,84,40,33,6,40
2026-03-09,ITM-003,Furniture,5,39,150,9,5,40
2026-03-09,ITM-007,Accessories,10,104,25,1,3,40
2026-03-10,ITM-008,Electronics,15,107,300,23,5,40
2026-03-10,ITM-004,Furniture,23,90,45,16,7,40
2026-03-10,ITM-003,Furniture,1,110,150,9,7,40
2026-03-10,ITM-002,Electronics,3,59,800,49,3,40
2026-03-10,ITM-005,Accessories,4,102,90,6,5,40
2026-03-10,ITM-010,Electronics,10,78,200,3,3,40
2026-03-10,ITM-001,Electronics,7,127,400,31,4,40
2026-03-10,ITM-007,Accessories,5,111,25,1,3,40
2026-03-10,ITM-006,Accessories,4,101,40,33,6,40
2026-03-11,ITM-004,Furniture,1,64,45,16,5,40
2026-03-11,ITM-003,Furniture,3,122,150,9,4,40
2026-03-11,ITM-002,Electronics,8,92,800,49,4,40
2026-03-11,ITM-005,Accessories,5,50,90,6,7,40
2026-03-11,ITM-010,Electronics,1,75,200,3,4,40
2026-03-11,ITM-001,Electronics,9,67,400,31,6,40
2026-03-11,ITM-009,Furniture,2,99,450,8,7,40
2026-03-11,ITM-007,Accessories,2,84,25,1,3,40
2026-03-11,ITM-006,Accessories,9,26,40,33,3,40
2026-03-12,ITM-008,Electronics,4,90,300,23,4,40
2026-03-12,ITM-003,Furniture,5,47,150,9,4,40
2026-03-12,ITM-002,Electronics,1,80,800,49,3,40
2026-03-12,ITM-005,Accessories,2,79,90,6,4,40
2026-03-12,ITM-010,Electronics,4,33,200,3,7,40
2026-03-12,ITM-001,Electronics,3,97,400,31,3,40
2026-03-12,ITM-009,Furniture,3,14,450,8,6,40
2026-03-12,ITM-007,Accessories,1,83,25,1,7,40
2026-03-12,ITM-006,Accessories,8,81,40,33,4,40
2026-03-13,ITM-008,Electronics,24,138,300,23,7,40
2026-03-13,ITM-004,Furniture,11,68,45,16,7,40
2026-03-13,ITM-003,Furniture,23,80,150,9,6,40
2026-03-13,ITM-002,Electronics,4,43,800,49,3,40
2026-03-13,ITM-005,Accessories,10,53,90,6,3,40
2026-03-13,ITM-010,Electronics,10,79,200,3,7,40
2026-03-13,ITM-001,Electronics,12,107,400,31,7,40
2026-03-13,ITM-009,Furniture,4,18,450,8,6,40
2026-03-13,ITM-007,Accessories,2,113,25,1,5,40
2026-03-13,ITM-006,Accessories,5,127,40,33,6,40
2026-03-14,ITM-008,Electronics,17,124,300,23,4,40
2026-03-14,ITM-004,Furniture,8,31,45,16,3,40
2026-03-14,ITM-003,Furniture,1,109,150,9,3,40
2026-03-14,ITM-002,Electronics,9,37,800,49,4,40
2026-03-14,ITM-005,Accessories,10,23,90,6,6,40
2026-03-14,ITM-001,Electronics,11,83,400,31,6,40
2026-03-14,ITM-007,Accessories,12,128,25,1,6,40
2026-03-14,ITM-006,Accessories,1,34,40,33,6,40
2026-03-15,ITM-004,Furniture,10,83,45,16,3,40
2026-03-15,ITM-003,Furniture,7,129,150,9,7,40
2026-03-15,ITM-002,Electronics,2,12,800,49,7,40
2026-03-15,ITM-005,Accessories,7,61,90,6,3,40
2026-03-15,ITM-010,Electronics,11,138,200,3,6,40
2026-03-15,ITM-001,Electronics,12,38,400,31,7,40
2026-03-15,ITM-009,Furniture,3,55,450,8,4,40
2026-03-16,ITM-003,Furniture,3,117,150,9,4,40
2026-03-16,ITM-002,Electronics,2,54,800,49,6,40
2026-03-16,ITM-001,Electronics,13,121,400,31,6,40
2026-03-16,ITM-009,Furniture,11,71,450,8,3,40
2026-03-16,ITM-007,Accessories,2,28,25,1,7,40
2026-03-16,ITM-006,Accessories,4,84,40,33,3,40
2026-03-17,ITM-008,Electronics,7,121,300,23,4,40
2026-03-17,ITM-004,Furniture,3,125,45,16,3,40
2026-03-17,ITM-003,Furniture,14,112,150,9,7,40
2026-03-17,ITM-002,Electronics,11,39,800,49,4,40
2026-03-17,ITM-005,Accessories,6,137,90,6,6,40
2026-03-17,ITM-010,Electronics,4,86,200,3,4,40
2026-03-17,ITM-001,Electronics,7,143,400,31,3,40
2026-03-17,ITM-006,Accessories,5,112,40,33,5,40
2026-03-18,ITM-008,Electronics,23,65,300,23,4,40
2026-03-18,ITM-004,Furniture,13,130,45,16,3,40
2026-03-18,ITM-003,Furniture,4,54,150,9,3,40
2026-03-18,ITM-002,Electronics,7,60,800,49,7,40
2026-03-18,ITM-010,Electronics,9,80,200,3,7,40
2026-03-18,ITM-007,Accessories,2,28,25,1,5,40
2026-03-18,ITM-006,Accessories,5,66,40,33,5,40
2026-03-19,ITM-008,Electronics,1,95,300,23,3,40
2026-03-19,ITM-004,Furniture,3,18,45,16,7,40
2026-03-19,ITM-003,Furniture,4,16,150,9,6,40
2026-03-19,ITM-002,Electronics,11,134,800,49,7,40
2026-03-19,ITM-005,Accessories,10,79,90,6,6,40
2026-03-19,ITM-001,Electronics,1,147,400,31,3,40
2026-03-19,ITM-009,Furniture,5,86,450,8,3,40
2026-03-19,ITM-007,Accessories,10,119,25,1,6,40
2026-03-19,ITM-006,Accessories,11,96,40,33,6,40
2026-03-20,ITM-004,Furniture,2,60,45,16,6,40
2026-03-20,ITM-003,Furniture,5,73,150,9,3,40
2026-03-20,ITM-005,Accessories,9,20,90,6,6,40
2026-03-20,ITM-010,Electronics,13,45,200,3,4,40
2026-03-20,ITM-001,Electronics,23,22,400,31,7,40
2026-03-20,ITM-009,Furniture,6,13,450,8,7,40
2026-03-20,ITM-007,Accessories,5,53,25,1,4,40
2026-03-20,ITM-006,Accessories,6,117,40,33,3,40
2026-03-21,ITM-008,Electronics,3,90,300,23,7,40
2026-03-21,ITM-004,Furniture,5,77,45,16,3,40
2026-03-21,ITM-003,Furniture,2,88,150,9,3,40
2026-03-21,ITM-002,Electronics,8,137,800,49,3,40
2026-03-21,ITM-005,Accessories,5,48,90,6,3,40
2026-03-21,ITM-010,Electronics,6,146,200,3,6,40
2026-03-21,ITM-001,Electronics,1,49,400,31,7,40
2026-03-21,ITM-009,Furniture,11,77,450,8,4,40
2026-03-21,ITM-007,Accessories,14,12,25,1,7,40
2026-03-21,ITM-006,Accessories,14,136,40,33,3,40
2026-03-22,ITM-008,Electronics,9,27,300,23,6,40
2026-03-22,ITM-004,Furniture,7,112,45,16,4,40
2026-03-22,ITM-003,Furniture,3,16,150,9,6,40
2026-03-22,ITM-002,Electronics,7,90,800,49,3,40
2026-03-22,ITM-005,Accessories,5,126,90,6,6,40
2026-03-22,ITM-010,Electronics,2,138,200,3,3,40
2026-03-22,ITM-001,Electronics,4,26,400,31,5,40
2026-03-22,ITM-009,Furniture,13,41,450,8,6,40
2026-03-22,ITM-007,Accessories,1,90,25,1,7,40
2026-03-23,ITM-008,Electronics,2,117,300,23,7,40
2026-03-23,ITM-004,Furniture,6,39,45,16,6,40
2026-03-23,ITM-002,Electronics,5,122,800,49,7,40
2026-03-23,ITM-005,Accessories,5,99,90,6,5,40
2026-03-23,ITM-010,Electronics,4,23,200,3,5,40
2026-03-23,ITM-001,Electronics,8,33,400,31,7,40
2026-03-23,ITM-009,Furniture,20,33,450,8,6,40
2026-03-23,ITM-007,Accessories,7,81,25,1,7,40
2026-03-23,ITM-006,Accessories,4,54,40,33,4,40
2026-03-24,ITM-004,Furniture,7,62,45,16,5,40
2026-03-24,ITM-003,Furniture,2,43,150,9,4,40
2026-03-24,ITM-002,Electronics,2,31,800,49,7,40
2026-03-24,ITM-005,Accessories,7,49,90,6,3,40
2026-03-24,ITM-010,Electronics,1,18,200,3,4,40
2026-03-24,ITM-009,Furniture,19,130,450,8,6,40
2026-03-24,ITM-006,Accessories,5,35,40,33,4,40
2026-03-25,ITM-008,Electronics,1,63,300,23,4,40
2026-03-25,ITM-004,Furniture,1,132,45,16,4,40
2026-03-25,ITM-002,Electronics,7,48,800,49,6,40
2026-03-25,ITM-005,Accessories,2,84,90,6,6,40
2026-03-25,ITM-010,Electronics,3,128,200,3,3,40
2026-03-25,ITM-001,Electronics,2,144,400,31,6,40
2026-03-25,ITM-009,Furniture,13,37,450,8,7,40
2026-03-25,ITM-006,Accessories,3,23,40,33,6,40
2026-03-26,ITM-008,Electronics,1,123,300,23,7,40
2026-03-26,ITM-004,Furniture,10,130,45,16,4,40
2026-03-26,ITM-003,Furniture,16,32,150,9,6,40
2026-03-26,ITM-002,Electronics,8,134,800,49,6,40
2026-03-26,ITM-005,Accessories,13,139,90,6,7,40
2026-03-26,ITM-010,Electronics,9,82,200,3,4,40
2026-03-26,ITM-001,Electronics,6,119,400,31,3,40
2026-03-26,ITM-009,Furniture,11,62,450,8,6,40
2026-03-26,ITM-007,Accessories,5,38,25,1,3,40
2026-03-26,ITM-006,Accessories,3,25,40,33,7,40
2026-03-27,ITM-004,Furniture,3,30,45,16,7,40
2026-03-27,ITM-002,Electronics,3,145,800,49,5,40
2026-03-27,ITM-005,Accessories,9,146,90,6,7,40
2026-03-27,ITM-009,Furniture,2,102,450,8,4,40
2026-03-27,ITM-007,Accessories,1,132,25,1,5,40
2026-03-27,ITM-006,Accessories,5,50,40,33,5,40
2026-03-28,ITM-008,Electronics,7,123,300,23,4,40
2026-03-28,ITM-004,Furniture,4,132,45,16,3,40
2026-03-28,ITM-003,Furniture,7,99,150,9,6,40
2026-03-28,ITM-002,Electronics,10,40,800,49,4,40
2026-03-28,ITM-005,Accessories,17,37,90,6,4,40
2026-03-28,ITM-010,Electronics,5,21,200,3,3,40
2026-03-28,ITM-001,Electronics,1,71,400,31,4,40
2026-03-28,ITM-009,Furniture,7,12,450,8,6,40
2026-03-28,ITM-007,Accessories,14,118,25,1,3,40
2026-03-28,ITM-006,Accessories,8,105,40,33,6,40
2026-03-29,ITM-004,Furniture,4,49,45,16,6,40
2026-03-29,ITM-003,Furniture,2,36,150,9,4,40
2026-03-29,ITM-002,Electronics,4,145,800,49,4,40
2026-03-29,ITM-005,Accessories,6,15,90,6,3,40
2026-03-29,ITM-010,Electronics,8,71,200,3,5,40
2026-03-29,ITM-001,Electronics,2,140,400,31,3,40
2026-03-29,ITM-009,Furniture,8,141,450,8,5,40
2026-03-29,ITM-006,Accessories,4,60,40,33,7,40
2026-03-30,ITM-004,Furniture,14,127,45,16,4,40
2026-03-30,ITM-005,Accessories,5,123,90,6,4,40
2026-03-30,ITM-010,Electronics,6,90,200,3,4,40
2026-03-30,ITM-001,Electronics,1,94,400,31,7,40
2026-03-30,ITM-009,Furniture,8,85,450,8,4,40
2026-03-30,ITM-007,Accessories,7,72,25,1,5,40
2026-03-30,ITM-006,Accessories,5,68,40,33,5,40
2026-03-31,ITM-008,Electronics,5,42,300,23,6,40
2026-03-31,ITM-004,Furniture,3,95,45,16,5,40
2026-03-31,ITM-003,Furniture,13,92,150,9,6,40
2026-03-31,ITM-002,Electronics,5,14,800,49,3,40
2026-03-31,ITM-005,Accessories,5,65,90,6,3,40
2026-03-31,ITM-010,Electronics,11,97,200,3,4,40
2026-03-31,ITM-001,Electronics,6,16,400,31,4,40
2026-03-31,ITM-009,Furniture,8,138,450,8,7,40
2026-03-31,ITM-007,Accessories,5,62,25,1,3,40
2026-03-31,ITM-006,Accessories,7,99,40,33,6,40
2026-04-01,ITM-008,Electronics,5,40,300,23,4,40
2026-04-01,ITM-004,Furniture,5,67,45,16,5,40
2026-04-01,ITM-003,Furniture,3,58,150,9,7,40
2026-04-01,ITM-002,Electronics,4,145,800,49,3,40
2026-04-01,ITM-005,Accessories,8,105,90,6,3,40
2026-04-01,ITM-010,Electronics,6,82,200,3,4,40
2026-04-01,ITM-001,Electronics,5,138,400,31,4,40
2026-04-01,ITM-009,Furniture,14,42,450,8,7,40
2026-04-01,ITM-007,Accessories,1,129,25,1,4,40
2026-04-01,ITM-006,Accessories,6,68,40,33,6,40
2026-04-02,ITM-008,Electronics,2,120,300,23,3,40
2026-04-02,ITM-004,Furniture,12,39,45,16,5,40
2026-04-02,ITM-003,Furniture,7,125,150,9,4,40
2026-04-02,ITM-002,Electronics,8,122,800,49,6,40
2026-04-02,ITM-005,Accessories,7,122,90,6,3,40
2026-04-02,ITM-010,Electronics,12,63,200,3,4,40
2026-04-02,ITM-001,Electronics,1,93,400,31,7,40
2026-04-02,ITM-009,Furniture,3,53,450,8,7,40
2026-04-02,ITM-007,Accessories,17,104,25,1,3,40
2026-04-02,ITM-006,Accessories,12,55,40,33,5,40
2026-04-03,ITM-004,Furniture,6,44,45,16,4,40
2026-04-03,ITM-003,Furniture,2,60,150,9,4,40
2026-04-03,ITM-002,Electronics,5,144,800,49,6,40
2026-04-03,ITM-010,Electronics,13,14,200,3,6,40
2026-04-03,ITM-006,Accessories,9,135,40,33,6,40
2026-04-04,ITM-008,Electronics,4,85,300,23,4,40
2026-04-04,ITM-004,Furniture,4,65,45,16,4,40
2026-04-04,ITM-002,Electronics,2,143,800,49,5,40
2026-04-04,ITM-005,Accessories,1,76,90,6,3,40
2026-04-04,ITM-010,Electronics,2,52,200,3,6,40
2026-04-04,ITM-001,Electronics,5,86,400,31,5,40
2026-04-04,ITM-009,Furniture,5,56,450,8,5,40
2026-04-05,ITM-008,Electronics,5,99,300,23,3,40
2026-04-05,ITM-004,Furniture,8,144,45,16,4,40
2026-04-05,ITM-003,Furniture,8,90,150,9,6,40
2026-04-05,ITM-002,Electronics,8,116,800,49,3,40
2026-04-05,ITM-001,Electronics,3,65,400,31,3,40
2026-04-05,ITM-009,Furniture,5,10,450,8,5,40
2026-04-05,ITM-007,Accessories,1,115,25,1,4,40
2026-04-05,ITM-006,Accessories,9,116,40,33,6,40
2026-04-06,ITM-008,Electronics,3,10,300,23,5,40
2026-04-06,ITM-004,Furniture,12,66,45,16,3,40
2026-04-06,ITM-003,Furniture,9,112,150,9,7,40
2026-04-06,ITM-001,Electronics,3,109,400,31,7,40
2026-04-06,ITM-009,Furniture,1,80,450,8,5,40
2026-04-06,ITM-007,Accessories,5,16,25,1,3,40
2026-04-06,ITM-006,Accessories,5,32,40,33,5,40
2026-04-07,ITM-008,Electronics,5,108,300,23,6,40
2026-04-07,ITM-003,Furniture,1,88,150,9,5,40
2026-04-07,ITM-002,Electronics,5,138,800,49,7,40
2026-04-07,ITM-005,Accessories,14,49,90,6,5,40
2026-04-07,ITM-010,Electronics,20,89,200,3,5,40
2026-04-07,ITM-001,Electronics,3,112,400,31,6,40
2026-04-07,ITM-009,Furniture,8,68,450,8,7,40
2026-04-07,ITM-007,Accessories,2,104,25,1,6,40
2026-04-07,ITM-006,Accessories,27,73,40,33,5,40
2026-04-08,ITM-008,Electronics,4,12,300,23,4,40
2026-04-08,ITM-004,Furniture,8,128,45,16,6,40
2026-04-08,ITM-003,Furniture,1,69,150,9,3,40
2026-04-08,ITM-002,Electronics,7,122,800,49,6,40
2026-04-08,ITM-010,Electronics,4,121,200,3,5,40
2026-04-08,ITM-001,Electronics,3,66,400,31,4,40
2026-04-08,ITM-009,Furniture,4,132,450,8,3,40
2026-04-08,ITM-007,Accessories,9,133,25,1,7,40
2026-04-08,ITM-006,Accessories,22,103,40,33,3,40
2026-04-09,ITM-008,Electronics,14,87,300,23,7,40
2026-04-09,ITM-004,Furniture,4,100,45,16,7,40
2026-04-09,ITM-003,Furniture,5,108,150,9,7,40
2026-04-09,ITM-002,Electronics,4,76,800,49,6,40
2026-04-09,ITM-005,Accessories,14,57,90,6,7,40
2026-04-09,ITM-010,Electronics,10,50,200,3,4,40
2026-04-09,ITM-001,Electronics,13,132,400,31,6,40
2026-04-09,ITM-009,Furniture,3,134,450,8,4,40
2026-04-09,ITM-007,Accessories,13,128,25,1,7,40
2026-04-09,ITM-006,Accessories,5,100,40,33,7,40
2026-04-10,ITM-004,Furniture,11,59,45,16,6,40
2026-04-10,ITM-003,Furniture,1,137,150,9,6,40
2026-04-10,ITM-002,Electronics,4,13,800,49,7,40
2026-04-10,ITM-005,Accessories,4,54,90,6,7,40
2026-04-10,ITM-010,Electronics,9,23,200,3,4,40
2026-04-10,ITM-001,Electronics,9,12,400,31,6,40
2026-04-10,ITM-009,Furniture,10,69,450,8,3,40
2026-04-10,ITM-007,Accessories,6,127,25,1,6,40
2026-04-10,ITM-006,Accessories,3,72,40,33,3,40
2026-04-11,ITM-008,Electronics,10,87,300,23,5,40
2026-04-11,ITM-003,Furniture,7,111,150,9,3,40
2026-04-11,ITM-002,Electronics,5,71,800,49,7,40
2026-04-11,ITM-005,Accessories,4,26,90,6,5,40
2026-04-11,ITM-010,Electronics,17,65,200,3,6,40
2026-04-11,ITM-001,Electronics,15,47,400,31,5,40
2026-04-11,ITM-007,Accessories,13,47,25,1,3,40
2026-04-11,ITM-006,Accessories,1,82,40,33,6,40
2026-04-12,ITM-003,Furniture,2,111,150,9,7,40
2026-04-12,ITM-010,Electronics,5,33,200,3,6,40
2026-04-12,ITM-001,Electronics,3,29,400,31,5,40
2026-04-12,ITM-009,Furniture,1,36,450,8,4,40
2026-04-12,ITM-007,Accessories,6,86,25,1,7,40
2026-04-13,ITM-008,Electronics,4,135,300,23,3,40
2026-04-13,ITM-004,Furniture,4,84,45,16,3,40
2026-04-13,ITM-003,Furniture,2,38,150,9,3,40
2026-04-13,ITM-002,Electronics,6,85,800,49,7,40
2026-04-13,ITM-010,Electronics,10,117,200,3,4,40
2026-04-13,ITM-001,Electronics,8,125,400,31,3,40
2026-04-13,ITM-007,Accessories,2,32,25,1,4,40
2026-04-13,ITM-006,Accessories,11,48,40,33,6,40
2026-04-14,ITM-008,Electronics,7,92,300,23,5,40
2026-04-14,ITM-004,Furniture,4,16,45,16,4,40
2026-04-14,ITM-003,Furniture,6,93,150,9,5,40
2026-04-14,ITM-002,Electronics,1,26,800,49,7,40
2026-04-14,ITM-005,Accessories,8,81,90,6,6,40
2026-04-14,ITM-010,Electronics,17,79,200,3,4,40
2026-04-14,ITM-001,Electronics,2,114,400,31,5,40
2026-04-14,ITM-007,Accessories,3,135,25,1,6,40
2026-04-15,ITM-008,Electronics,2,74,300,23,4,40
2026-04-15,ITM-004,Furniture,4,114,45,16,6,40
2026-04-15,ITM-003,Furniture,2,54,150,9,6,40
2026-04-15,ITM-002,Electronics,1,148,800,49,5,40
2026-04-15,ITM-005,Accessories,5,24,90,6,3,40
2026-04-15,ITM-010,Electronics,6,72,200,3,3,40
2026-04-15,ITM-001,Electronics,8,84,400,31,7,40
2026-04-15,ITM-009,Furniture,5,55,450,8,3,40
2026-04-15,ITM-007,Accessories,8,64,25,1,5,40
2026-04-15,ITM-006,Accessories,4,27,40,33,5,40
2026-04-16,ITM-004,Furniture,5,16,45,16,7,40
2026-04-16,ITM-002,Electronics,4,109,800,49,5,40
2026-04-16,ITM-005,Accessories,2,142,90,6,5,40
2026-04-16,ITM-010,Electronics,5,41,200,3,4,40
2026-04-16,ITM-009,Furniture,5,67,450,8,7,40
2026-04-16,ITM-007,Accessories,1,140,25,1,3,40
2026-04-17,ITM-008,Electronics,5,116,300,23,3,40
2026-04-17,ITM-004,Furniture,8,88,45,16,7,40
2026-04-17,ITM-003,Furniture,12,83,150,9,6,40
2026-04-17,ITM-005,Accessories,6,23,90,6,4,40
2026-04-17,ITM-001,Electronics,1,136,400,31,6,40
2026-04-17,ITM-009,Furniture,4,105,450,8,4,40
2026-04-17,ITM-007,Accessories,5,57,25,1,5,40
2026-04-18,ITM-004,Furniture,21,48,45,16,4,40
2026-04-18,ITM-005,Accessories,10,57,90,6,7,40
2026-04-18,ITM-010,Electronics,5,118,200,3,3,40
2026-04-18,ITM-001,Electronics,1,42,400,31,5,40
2026-04-18,ITM-009,Furniture,5,69,450,8,7,40
2026-04-18,ITM-007,Accessories,8,117,25,1,6,40
2026-04-18,ITM-006,Accessories,1,97,40,33,6,40
2026-04-19,ITM-004,Furniture,2,125,45,16,5,40
2026-04-19,ITM-003,Furniture,5,134,150,9,4,40
2026-04-19,ITM-002,Electronics,3,33,800,49,3,40
2026-04-19,ITM-005,Accessories,5,96,90,6,7,40
2026-04-19,ITM-010,Electronics,3,93,200,3,7,40
2026-04-19,ITM-009,Furniture,4,138,450,8,3,40
2026-04-19,ITM-007,Accessories,3,121,25,1,4,40
2026-04-20,ITM-008,Electronics,1,120,300,23,4,40
2026-04-20,ITM-004,Furniture,7,82,45,16,6,40
2026-04-20,ITM-003,Furniture,1,73,150,9,3,40
2026-04-20,ITM-010,Electronics,3,89,200,3,6,40
2026-04-20,ITM-001,Electronics,8,147,400,31,3,40
2026-04-20,ITM-007,Accessories,7,118,25,1,5,40
2026-04-20,ITM-006,Accessories,9,26,40,33,7,40
2026-04-21,ITM-008,Electronics,5,82,300,23,3,40
2026-04-21,ITM-004,Furniture,14,116,45,16,3,40
2026-04-21,ITM-003,Furniture,2,62,150,9,7,40
2026-04-21,ITM-010,Electronics,6,89,200,3,3,40
2026-04-21,ITM-001,Electronics,3,64,400,31,4,40
2026-04-21,ITM-009,Furniture,1,31,450,8,4,40
2026-04-21,ITM-007,Accessories,1,89,25,1,6,40
2026-04-22,ITM-004,Furniture,5,128,45,16,4,40
2026-04-22,ITM-001,Electronics,9,38,400,31,3,40
2026-04-22,ITM-009,Furniture,5,11,450,8,6,40
2026-04-22,ITM-006,Accessories,2,107,40,33,4,40
2026-04-23,ITM-008,Electronics,11,33,300,23,7,40
2026-04-23,ITM-004,Furniture,1,148,45,16,3,40
2026-04-23,ITM-003,Furniture,5,28,150,9,5,40
2026-04-23,ITM-002,Electronics,8,79,800,49,6,40
2026-04-23,ITM-005,Accessories,9,110,90,6,6,40
2026-04-23,ITM-010,Electronics,2,41,200,3,6,40
2026-04-23,ITM-001,Electronics,10,93,400,31,7,40
2026-04-23,ITM-009,Furniture,12,35,450,8,4,40
2026-04-23,ITM-007,Accessories,8,116,25,1,6,40
2026-04-23,ITM-006,Accessories,9,89,40,33,3,40
2026-04-24,ITM-004,Furniture,5,12,45,16,3,40
2026-04-24,ITM-003,Furniture,3,48,150,9,6,40
2026-04-24,ITM-002,Electronics,16,38,800,49,5,40
2026-04-24,ITM-005,Accessories,4,100,90,6,3,40
2026-04-24,ITM-010,Electronics,5,132,200,3,6,40
2026-04-24,ITM-001,Electronics,11,80,400,31,5,40
2026-04-24,ITM-009,Furniture,14,39,450,8,5,40
2026-04-24,ITM-007,Accessories,5,76,25,1,7,40
2026-04-24,ITM-006,Accessories,12,39,40,33,6,40
2026-04-25,ITM-008,Electronics,4,101,300,23,4,40
2026-04-25,ITM-004,Furniture,4,46,45,16,3,40
2026-04-25,ITM-003,Furniture,8,134,150,9,5,40
2026-04-25,ITM-002,Electronics,6,115,800,49,6,40
2026-04-25,ITM-005,Accessories,3,142,90,6,4,40
2026-04-25,ITM-010,Electronics,3,17,200,3,3,40
2026-04-25,ITM-001,Electronics,7,100,400,31,6,40
2026-04-25,ITM-009,Furniture,9,89,450,8,5,40
2026-04-25,ITM-007,Accessories,9,57,25,1,6,40
2026-04-26,ITM-004,Furniture,14,66,45,16,4,40
2026-04-26,ITM-001,Electronics,4,57,400,31,6,40
2026-04-26,ITM-009,Furniture,3,87,450,8,3,40
2026-04-26,ITM-006,Accessories,1,64,40,33,4,40
2026-04-27,ITM-008,Electronics,4,108,300,23,6,40
2026-04-27,ITM-004,Furniture,7,11,45,16,4,40
2026-04-27,ITM-002,Electronics,9,106,800,49,3,40
2026-04-27,ITM-005,Accessories,4,82,90,6,6,40
2026-04-27,ITM-010,Electronics,3,104,200,3,5,40
2026-04-27,ITM-007,Accessories,5,74,25,1,6,40
2026-04-28,ITM-008,Electronics,5,45,300,23,4,40
2026-04-28,ITM-004,Furniture,3,104,45,16,4,40
2026-04-28,ITM-003,Furniture,11,141,150,9,6,40
2026-04-28,ITM-002,Electronics,9,84,800,49,3,40
2026-04-28,ITM-005,Accessories,5,149,90,6,5,40
2026-04-28,ITM-010,Electronics,2,20,200,3,3,40
2026-04-28,ITM-001,Electronics,12,34,400,31,6,40
2026-04-28,ITM-009,Furniture,8,109,450,8,7,40
2026-04-28,ITM-007,Accessories,2,130,25,1,6,40
2026-04-28,ITM-006,Accessories,3,12,40,33,7,40
